"[[-0.4074305215595374, -1.3500342805853507, 1.7865746581291166, -1.0458895642848378, -2.8868762259412453, -0.8510150388505888, 0.8461371764524144, -0.8110544743461762, -0.8392074733709523], [-7.1915181323545365, 1.06083796300921, 6.545228485246973, 0.7188215300556443, -3.784433063235219, -1.8555726496213472, 0.656983734023578, -5.655796367620651, 1.0400593428151266], [-6.4353747721445025, -11.845101250019955, -1.018839806412929, -1.6698801916845032, -0.5227991537036569, 0.4369354713290635, 0.3097144862640346, -9.039663225022766, 6.582695748620684], [-0.7446293367260085, 1.0375395665366605, 1.1655741779056952, 5.96703655631619, 2.777833584621932, -0.6047007453299547, 0.764776568492085, -2.8869356950897527, 2.401979348166583], [4.743161929706151, -2.7615540409627566, 1.4227038958700882, 0.9717818598943676, -1.5898449507555337, -2.0896859460735344, 2.465831531487429, -2.3371878199510476, 0.43049816129504204], [1.019241813902939, -3.4239191857960916, -3.20895839146071, -3.2984594727220915, -0.9972966808427043, -1.3661579538865782, 4.183004519688061, -1.5701867897228918, 1.4170793877467545], [-2.053342675044088, 0.1704992107141311, -0.16966085296954092, 1.158621373617493, 2.2498966035099555, -1.5250817130036882, 2.7571364383076333, -2.130672167038169, -1.4113765532132834], [4.164435994257637, -0.18136606500208668, 0.27004864540892215, -0.6790587876741709, 1.8605302709417626, -1.5948011562364368, 1.081582749287443, 3.0911517962303785, -1.8582640508531372], [-4.0536571669361905, -3.8231879709340126, 6.486082621666098, -0.7349918954792208, 4.500273787503998, 4.894493399998486, -6.603977515565379, -2.858323504070327, -2.537336519421102]]","[[-9.064174017206453, -4.520428593439352, 2.699342480248189, 0.6356309599996873, -2.908413757520057, -0.6373756687483909, 0.95226736532611, 1.4618143491058675, -3.716300819498839], [0.022096820350066444, -1.9179885502850325, 4.69162766266727, -7.261677621859724, 2.427657085303105, -3.192591554105463, -6.262871504138936, 0.0398511746362329, -0.35973678396978015], [-0.9805291611680346, -1.354312097976882, 2.953655981469014, -1.340186489470534, -2.0947584789530884, 3.502956394632758, 0.9148684450342031, -1.404104308093413, -5.093644174812529], [5.503572556669154, -6.124643057279897, 3.452710121991298, 2.9393297220647487, -6.974235766485565, 0.39723410802836856, 3.673285257135884, 2.2772952711368033, -2.3154615909815224], [-0.41894757338037286, -2.454059327293805, 0.07667361220196756, 1.2016072146665715, 4.722691475113363, 3.094655339137407, -3.1226140722546445, -1.543362957157338, 4.165265151657129], [-5.446140548037048, -2.573835161864281, -0.41698109778410547, -4.514013478324036, -5.76047505559699, 2.7166907442981216, -2.0464922610416263, -4.251338428681788, 0.8484079084607039], [0.2574670202456941, 1.770740362090914, 0.2229296014133615, 2.0094691329612, -1.31000293305001, -4.245380281151329, -0.7439091774251574, -2.06041781697132, 4.989534319070861], [-0.43905472726366174, -0.6819107116799195, 3.4092453711697748, 0.47125153477310855, -4.160685678769287, -0.3278068029205585, 1.0174802561200895, -1.931938615989504, 1.7210198269782007], [-2.4298389447407587, -0.6258999942712007, -5.820815286133158, -4.48125265515294, -2.779646116881424, -3.8035945924754606, -2.788190695907042, -2.3260210628350393, 5.872415316293022]]","[0.3920011709372133, 0.9264561626665233, 0.7686823705521324, -0.40860153736975313, 0.2051502460840009, 0.07941854521950176, -0.3948197712710717, 0.2951317096630557, 0.42370087073480933]","[-0.3227776941862792, 0.6467552392258051, -0.4685475964998802, -0.27406906999034986, -0.7986690685038977, -0.9593188455221684, 0.27428490134872674, -0.9151045804408393, -0.7850837928545424]"
"[[-0.4074305215595374, -1.3500342805853507, 1.782634605090409, -1.0471423140124383, -2.8894599047037732, -0.8510150388505888, 0.8461371764524144, -0.8110544743461762, -0.8392074733709523], [-7.253844489228451, 1.060092364795364, 6.538734579958128, 0.7176465797570293, -3.786720566298336, -1.8432100757254455, 0.656983734023578, -5.655796367620651, 1.0400593428151266], [-6.4353747721445025, -11.84811049537602, -1.0177699311162738, -1.6744004051805914, -0.520690146163879, -0.10029016394441659, 0.3097144862640346, -9.039663225022766, 6.579676703605405], [-0.7434889314420436, 1.0375395665366605, 1.1676938348029968, 5.967566553635105, 2.7733562933759055, -0.6122299756495394, 1.052060904637652, -2.8869356950897527, 2.407690754363652], [4.739737936852294, -2.137799346028311, 1.4209951838522474, 0.9717818598943676, -1.5898449507555337, -2.0863759952161924, 2.29411846784135, -2.3371878199510476, 1.1705605195717423], [1.019241813902939, -3.4239191857960916, -3.2037433139597895, -3.3014775572499233, -0.9952257757116322, -1.3661579538865782, 4.183004519688061, -1.5738365272135129, 1.4170793877467545], [-2.50349583169688, -2.1768579206632337, -0.17159972831912246, 1.1596576465881745, 2.2352952275604023, -1.5242853174636442, 2.756621926052437, -1.9309682140925482, -1.4113765532132834], [4.280191608724754, -0.5921345049492964, 0.27286109692136057, -0.6845137795770708, 1.8605302709417626, -1.5948011562364368, 1.0748570659331325, 3.143017698428253, -1.2641155405847577], [-4.0536571669361905, -3.831190610969237, 6.486082621666098, -0.7349918954792208, 4.500273787503998, 5.398421111962918, -6.603977515565379, -2.854263786976282, -2.538239249682535]]","[[-9.064174017206453, -4.954224643958209, 2.699342480248189, 0.6356309599996873, -2.908024561132266, -0.6373756687483909, 1.0022796855260563, 1.4648792888989175, -3.830609679304922], [0.021807669387922113, -1.9199118332108025, 4.697678940989397, -7.261677621859724, 2.427657085303105, -3.192591554105463, -6.262871504138936, 0.0398511746362329, -1.399867583946988], [-0.9812253701677934, -1.3245180463972752, 2.953655981469014, -1.340186489470534, -2.0947584789530884, 3.103832674613463, 0.9148684450342031, -1.4024988863087429, -5.085206337933318], [5.499756868317719, -5.872044004893227, 3.4479286465998835, 2.753278148224796, -6.977778303098647, 0.8700654125723309, 3.603614522348093, 2.2762191518415333, -2.3154615909815224], [-0.41894757338037286, -2.452217051018322, 0.07667361220196756, 1.2064206016679893, 4.720778412573808, 3.094655339137407, -3.1222255146501183, -1.9638592200890748, 4.165265151657129], [-5.446140548037048, -3.0428164759212586, -0.41698109778410547, -4.514013478324036, -5.757730926288096, 2.69756876979242, -2.0464922610416263, -4.253487434855497, 0.8689104519565889], [0.27896166499181213, 1.7376623467246937, 0.22497322280584617, 0.9764559889690088, -1.3168896408781676, -4.249612488396146, -0.7456109586231364, -2.058492702179896, 3.7188124087159786], [-0.4439697597857223, -0.6542589143328457, 3.405814651114492, 0.8976907226414154, -4.5360560794141875, -0.5816744561760896, 1.0174802561200895, -1.931938615989504, 1.6263618941407862], [-2.80960298151792, -0.6258999942712007, -5.820815286133158, -4.48125265515294, -2.7818176892698463, -3.8559884433308174, -2.788190695907042, -2.3260210628350393, 5.841381923470346]]","[0.8830101200418286, 0.8281944628790261, 0.6188863107050864, -0.9556634234872237, -0.42511342913891803, -0.06466237145740927, 0.6380449923078992, -0.35109959748669284, 0.2642637732612829]","[-0.2750214575760632, 0.26480451492136425, 0.5549175372940949, 0.04945013113970309, -0.044885317495667154, -0.256014422486456, -0.5437043948009772, -0.15914777646434541, -0.24497417686962075]"
"[[-0.4074305215595374, -1.3500342805853507, 1.7865746581291166, -1.0458895642848378, -2.8894599047037732, -0.8510150388505888, 0.8461371764524144, -0.8110544743461762, -0.8392074733709523], [-7.253844489228451, 1.0608448016481051, 6.545228485246973, 0.7204708104264268, -3.786720566298336, -1.85369830596693, 0.656983734023578, -4.858846263303214, 1.0400593428151266], [-6.4353747721445025, -11.845101250019955, -1.0156337749608857, -1.6744004051805914, -0.5227991537036569, -0.10029016394441659, 0.3091532186386297, -9.039663225022766, 6.581320766787303], [-0.7434889314420436, 1.0375395665366605, 1.1676938348029968, 5.96703655631619, 2.981747279242514, -0.6122299756495394, 1.052060904637652, -2.8869356950897527, 2.407690754363652], [4.739737936852294, -2.7718557583401293, 1.4209951838522474, 0.9717818598943676, -1.5898449507555337, -2.0932468333068965, 2.3029541424915196, -2.3371878199510476, 0.41880507756580604], [1.0257462976643712, -2.9103484566741034, -3.1915553216383503, -3.3014775572499233, -0.9972966808427043, -1.3661579538865782, 4.183004519688061, -1.5701867897228918, 1.4170793877467545], [-2.049488432743882, -2.175060364726784, -0.16940123003256014, 1.1596576465881745, 2.2352952275604023, -0.9501411580669734, 2.756621926052437, -1.9309682140925482, -1.4068336793916216], [4.2860198287060784, -0.5921345049492964, 0.27286109692136057, -0.6845137795770708, 1.8605302709417626, -1.5948011562364368, 1.0748570659331325, 3.0911517962303785, -1.26515223996584], [-4.0536571669361905, -3.831190610969237, 6.486082621666098, -0.7349918954792208, 4.484263732945756, 4.895334486863445, -6.605715205300849, -2.858323504070327, -2.5372688829062753]]","[[-9.284107221608721, -4.954224643958209, 2.699342480248189, 0.6356309599996873, -2.9052162752793986, -0.6373756687483909, 1.0022796855260563, 1.4648792888989175, -3.830609679304922], [0.0455749762687101, -1.9179885502850325, 4.697678940989397, -7.265220783145041, 2.653326222930478, -3.192591554105463, -6.259721842864024, 0.0398511746362329, -1.399867583946988], [-0.9812253701677934, -1.3599620771037495, 2.9416728704460353, -1.340186489470534, -2.0947584789530884, 3.2627726035232265, 0.9148684450342031, -1.404104308093413, -5.3434540055350075], [5.499756868317719, -6.1248664643064865, 3.4479286465998835, 2.936306648389858, -7.3232446346247615, 0.3822186550595418, 3.603614522348093, 2.2762191518415333, -2.3154615909815224], [-0.41894757338037286, -2.452217051018322, 0.07667361220196756, 0.9984857621711328, 4.722691475113363, 3.094655339137407, -3.1222255146501183, -1.9638592200890748, 4.165856554607788], [-5.446140548037048, -3.0428164759212586, -0.41698109778410547, -4.517228055011085, -5.078971637666142, 2.69756876979242, -1.816009668563392, -4.255303394335168, 0.8642180104897962], [0.27896166499181213, 1.7376623467246937, 0.22026231028554977, 0.9764559889690088, -1.3168896408781676, -4.249612488396146, -0.7456109586231364, -2.058492702179896, 4.989534319070861], [-0.43905472726366174, -0.6819107116799195, 3.4043090148279713, 0.47125153477310855, -4.5360560794141875, -0.5816744561760896, 1.0174802561200895, -1.8173713453064122, 1.6263618941407862], [-2.80960298151792, -0.6258999942712007, -5.820815286133158, -4.48125265515294, -2.7818176892698463, -3.802596769125432, -2.7658333511481743, -2.3260210628350393, 5.841381923470346]]","[0.5953257552906719, 0.7349169123109351, -0.7151088006387183, -0.4875869977409144, 0.9036166944888546, 0.6033185236903611, -0.20810844392986794, -0.5860880633033887, -0.6989044012630421]","[0.720492770162658, -0.5834092137235862, 0.4198254783013422, 0.15304653578319294, 0.4045609046382781, -0.07195502298520373, -0.5246263353172376, -0.6032042961579642, 0.7145119617599773]"
"[[-0.4074305215595374, -1.3529537305296226, 1.7865746581291166, -0.7962165916594276, -2.8913323816428056, -0.6263071653119678, 0.8440865590250627, -0.8110544743461762, -0.8433931761997969], [-7.2293319226437385, 1.06083796300921, 6.545228485246973, 0.7176465797570293, -3.786720566298336, -1.8432100757254455, 0.656983734023578, -4.858846263303214, 1.0319274900142357], [-6.434799246931294, -7.189967574448831, -1.0177699311162738, -1.407464127119508, -0.5227991537036569, -0.10029016394441659, 0.3079542086099184, -9.042486250810907, 6.579676703605405], [-0.7388005902628465, 0.47082169269308627, 1.1676938348029968, 5.967566553635105, 2.777833584621932, -0.6047007453299547, 0.7725933498338622, -3.305137293021759, 2.407690754363652], [4.738290104001717, -2.136312044875994, 1.4308041882645433, 0.9717818598943676, -1.5898449507555337, -2.0863759952161924, 2.29411846784135, -2.3373128071987055, 0.43049816129504204], [1.0257462976643712, -3.4239191857960916, -3.2037433139597895, -3.2984594727220915, -0.9972966808427043, -1.3702630272644494, 4.291332452922067, -2.2370795904179825, 1.4170793877467545], [-2.5047439866645282, 0.1704992107141311, -0.16940123003256014, 1.1596576465881745, 2.2498966035099555, -0.9501411580669734, 2.756621926052437, -2.12705833642854, -1.4113765532132834], [4.164435994257637, -0.5910764782018483, 0.25540854824222126, -0.6845137795770708, 1.8605302709417626, -1.2539881398312185, 1.0792918328200862, 3.1394417249362183, -1.8582640508531372], [-4.035735680654658, -3.829707298532482, 6.489184544477828, -0.7349918954792208, 4.484263732945756, 5.398421111962918, -6.60194919031863, -2.858323504070327, -2.5372688829062753]]","[[-9.284107221608721, -4.520428593439352, 2.695250343347329, 0.6368349458951074, -2.9156935316043935, -0.6373756687483909, 0.95226736532611, 1.4621848488920068, -3.830609679304922], [0.0455749762687101, -1.9235687034337392, 4.69162766266727, -7.261677621859724, 2.6368720483408192, -2.8418539073131206, -6.262871504138936, 0.03912035001151741, -1.399867583946988], [-0.9805291611680346, -1.3599620771037495, 2.9416728704460353, -1.340186489470534, -2.0947584789530884, 3.502956394632758, 0.9148684450342031, -1.404104308093413, -5.3434540055350075], [4.95249417029656, -5.872044004893227, 3.4501805909729106, 2.751566565753008, -6.977778303098647, 0.382239995222615, 3.60578532855634, 2.2762191518415333, -2.338500495998621], [-0.41894757338037286, -2.452217051018322, 0.07667361220196756, 1.209593456147342, 4.722691475113363, 2.9631809602538683, -3.1222255146501183, -1.6300047608359025, 4.165856554607788], [-5.446140548037048, -3.041545334437619, -0.4146048649766408, -4.513185912286026, -5.76047505559699, 2.69756876979242, -2.0464922610416263, -4.255303394335168, 0.8484079084607039], [0.26862275156823145, 1.7657156417117728, 0.22026231028554977, 2.0094691329612, -1.3193480864097111, -4.2484863163245805, -0.7456109586231364, -2.058492702179896, 4.989534319070861], [-0.5341873471499704, -0.6819107116799195, 3.4092453711697748, 0.8968527458323242, -4.165690534230542, -0.32751114002719905, 1.0174802561200895, -1.9277964774205907, 1.7210198269782007], [-2.4298389447407587, -0.7004147601760023, -5.820815286133158, -4.477391534066355, -2.779786486115429, -3.8015440899346964, -2.776811872396607, -2.3260210628350393, 5.841381923470346]]","[-0.9065469151087142, 0.19042102201158784, 0.3568932745248161, 0.914715511425434, 0.882182215635319, 0.21616692878633015, 0.8879604489552682, 0.45162298503236054, -0.29793421697980427]","[0.7924435193871959, 0.8985766720931243, -0.03763882358947046, -0.8147790293473531, -0.7812988345386673, -0.7495467211114, 0.0016642067071008793, -0.4734261834761111, -0.5382186532800659]"
"[[-0.4074305215595374, -1.3500342805853507, 1.782634605090409, -1.0471423140124383, -2.8894599047037732, -0.8609454890001143, 0.8461371764524144, -0.8110544743461762, -0.8422269462586444], [-7.1915181323545365, 0.8207235385512631, 6.108332972408908, 0.7202301226121857, -3.786720566298336, -1.8427671561516754, 0.6552693643718913, -5.655796367620651, 1.0400593428151266], [-6.431881678448338, -11.845101250019955, -1.0177699311162738, -1.405205203510098, -0.520690146163879, -0.10029016394441659, 0.31092845596460583, -9.039663225022766, 6.579676703605405], [-0.7434889314420436, 1.0291458314920263, 1.1676938348029968, 5.967566553635105, 2.981747279242514, -0.6037698163572307, 1.052060904637652, -2.052817664471024, 2.407690754363652], [4.737242928863517, -2.135008893830854, 1.4308041882645433, 0.9717818598943676, -1.594786875109298, -2.0863759952161924, 2.29411846784135, -2.3371878199510476, 0.41880507756580604], [1.0257462976643712, -2.908903888659666, -3.1915553216383503, -3.3014775572499233, -0.9952257757116322, -1.3587773284399194, 4.288234078796381, -2.2370795904179825, 1.4170793877467545], [-2.053342675044088, -2.1768579206632337, 0.13811413284024487, 1.1596576465881745, 2.251521054534178, -0.9520799992895695, 2.756621926052437, -1.9309682140925482, -1.4068336793916216], [4.281315619724343, -0.5919577286378201, 0.27286109692136057, -0.6845137795770708, 1.8605302709417626, -1.5948011562364368, 1.0748570659331325, 3.0911517962303785, -1.2641155405847577], [-4.0536571669361905, -3.831190610969237, 6.492478422921473, -0.7349918954792208, 4.500273787503998, 4.895334486863445, -6.603977515565379, -2.858323504070327, -2.5372688829062753]]","[[-9.284107221608721, -4.954224643958209, 2.695250343347329, 0.6359382325771429, -2.9052162752793986, -0.6373756687483909, 1.0022796855260563, 1.4661759817229525, -3.716300819498839], [0.022096820350066444, -1.9199118332108025, 4.69162766266727, -7.261677621859724, 2.653326222930478, -3.186269163829071, -6.262871504138936, 0.03945268145161217, -2.4346860003212756], [-0.9812253701677934, -1.3599620771037495, 2.9416728704460353, -1.3380046768911429, -1.232825516145741, 3.502956394632758, 0.9148684450342031, -1.4024988863087429, -5.093644174812529], [5.499756868317719, -5.872044004893227, 3.448748114776818, 2.753278148224796, -7.3218589660046955, 0.37915142818467157, 3.676751559984426, 2.2762191518415333, -2.3157210684571923], [-0.41894757338037286, -3.342794278025202, 0.07667361220196756, 1.2064661389239768, 4.722691475113363, 3.094655339137407, -3.1226140722546445, -1.9638592200890748, 4.165265151657129], [-5.442287215528152, -3.049113689652691, -0.4216907496921267, -4.511027174357206, -5.758329681028844, 2.6963300780665755, -1.8153871689939036, -4.251338428681788, 0.8645627059614203], [0.2574670202456941, 1.7640851645822055, 0.22026231028554977, 2.0094691329612, -1.3193480864097111, -4.253492170346868, -1.3022355310762488, -2.058492702179896, 3.7188124087159786], [-0.43905472726366174, -0.6542589143328457, 3.405482223093328, 0.8924315647132892, -4.161919760966887, -0.5816744561760896, 1.0174802561200895, -1.9277964774205907, 1.624380625385478], [-2.8036575226238334, -0.7101910211990958, -5.820815286133158, -4.48125265515294, -2.4188187480370558, -3.802596769125432, -2.776811872396607, -2.3246409823396745, 5.841381923470346]]","[0.6556288264441861, 0.7634024234854337, 0.11953446166007575, -0.32335218957941847, 0.31731376800956324, -0.7527649863174473, 0.9991432613585405, -0.633998950372409, 0.34581324752068254]","[-0.028647089562714445, -0.4427847926267996, -0.1157434898459131, 0.9349928060255572, -0.5097899339707503, 0.6465858290051805, -0.5446408104018763, -0.4801881400908503, 0.6668941207979246]"
"[[-1.0090349515941535, -1.3529537305296226, 0.9638082818724596, -1.0458895642848378, -2.8903550179171718, -0.6263071653119678, 0.8434793335687795, -0.8110544743461762, -0.7712995187345808], [-7.1915181323545365, 0.8207235385512631, 6.110948407799101, 0.7238517722111931, -3.7877146790416427, -1.8555726496213472, 0.656983734023578, -4.858846263303214, 2.9614036707706157], [-6.4353747721445025, -11.84811049537602, -1.018839806412929, -1.6744004051805914, -0.5156131256464425, -0.10029016394441659, 0.30795301306822453, -9.039663225022766, 6.579676703605405], [-0.74087826200797, 1.0405512743398908, 1.1655741779056952, 5.96703655631619, 2.981747279242514, -0.15727650249332126, 1.052060904637652, -2.8869356950897527, 2.4098091509153994], [4.738290104001717, -2.7615540409627566, 1.4227038958700882, 0.9717818598943676, -1.7448809134074752, -2.0863759952161924, 2.29411846784135, -2.3371878199510476, 1.1693039152332725], [0.8993543677088457, -3.4239191857960916, -3.3438414402231875, -3.1741223260749543, -0.9972966808427043, -1.366785903478036, 4.288234078796381, -1.5738365272135129, 1.4170793877467545], [-2.0479596695995883, 0.1704992107141311, -0.16940123003256014, 1.1596576465881745, 2.2498966035099555, -0.9522407207875122, 2.7571364383076333, -2.130672167038169, -1.4068336793916216], [4.164435994257637, -0.5910764782018483, 0.27286109692136057, -0.6790587876741709, 1.8639855239778087, -1.2512578240242844, 1.0792918328200862, 3.0911517962303785, -1.2641155405847577], [-3.5072593553481166, -3.831511540156556, 6.489184544477828, -2.6934476656294937, 4.498709669159092, 4.897987580370406, -6.607106157954775, -2.858323504070327, -2.814544194638872]]","[[-9.284107221608721, -4.520428593439352, 2.699342480248189, 0.6356309599996873, -2.9156247099312376, -0.6373756687483909, 1.0022796855260563, 1.629531423688842, -3.716300819498839], [0.01934209150188893, -1.9240085639606366, 5.417326741260084, -7.261677621859724, 2.6368720483408192, -3.192591554105463, -6.259721842864024, -0.10906642377438928, -1.399867583946988], [-0.9812253701677934, -1.3599620771037495, 2.953655981469014, -1.340186489470534, -2.5395847706904915, 3.502956394632758, 0.9148684450342031, -1.3756324293364521, -5.093644174812529], [5.499756868317719, -5.872044004893227, 3.450092135673884, 2.7612260724672795, -6.974235766485565, 0.8700654125723309, 3.603614522348093, 1.9240019783684048, -2.3154615909815224], [-0.41894757338037286, -3.342794278025202, 0.07667361220196756, 0.9984857621711328, 4.722691475113363, 3.094655339137407, -3.1226140722546445, -1.9587957707946746, 4.165265151657129], [-5.78415366756726, -2.5754931083787156, -0.41698109778410547, -4.517228055011085, -5.078971637666142, 2.7166907442981216, -2.0464922610416263, -4.253487434855497, 0.8639155909886184], [0.265712090589306, 1.7376623467246937, 0.22026231028554977, 2.013246019231999, -1.31000293305001, -4.246374823474214, -1.2974964518781043, -2.058492702179896, 3.715953253370917], [-0.43905472726366174, -0.6819107116799195, 3.405814651114492, 0.8943711164563096, -4.160685678769287, -0.5789272211756988, 1.0174802561200895, -1.9277964774205907, 1.6263618941407862], [-2.4298389447407587, -0.7098362523529436, -5.820815286133158, -4.48125265515294, -2.779786486115429, -3.802596769125432, -2.788190695907042, -2.3260210628350393, 5.843563142461773]]","[-0.9851652547077914, -0.400797770809479, -0.8158748267541767, 0.9193468415531347, 0.7760458263237118, -0.7415273380625171, 0.7590125517914321, 0.066584959273297, 0.8030684385925928]","[-0.6436269918480173, 0.4775007095951651, -0.1582783300152273, -0.5371292549985167, -0.5724121633046211, 0.5647048147462563, 0.47119189066190614, 0.0632756009729567, -0.4195331334275312]"
"[[-0.4074305215595374, -1.3500342805853507, 1.782634605090409, -1.0458895642848378, -2.8894599047037732, -0.8510150388505888, 0.8440865590250627, -0.8110544743461762, -0.8414664877887239], [-7.253844489228451, 1.0645117689778612, 6.545228485246973, 0.7204708104264268, -5.1394188723270675, -1.8427671561516754, 0.660959146951488, -4.866324485084728, 2.964152987915357], [-6.434799246931294, -11.84811049537602, -1.0154763146439543, -1.6720857952736146, -0.5227991537036569, 0.3544988873471482, 0.31092845596460583, -9.039663225022766, 6.579676703605405], [-0.7388005902628465, 1.0317187583079501, 1.1676938348029968, 5.967566553635105, 2.981747279242514, -0.16193268978574546, 0.764776568492085, -3.305137293021759, 2.407690754363652], [4.739737936852294, -2.1387613232450815, 1.4227038958700882, 0.9717818598943676, -1.5898449507555337, -2.09017754767482, 2.306880442477433, -2.3371878199510476, 1.1693039152332725], [1.0257462976643712, -2.9095732774075, -3.2054056982167802, -3.3014775572499233, -0.9972966808427043, -0.8350096037720124, 4.288234078796381, -1.5738365272135129, 1.415100149468956], [-2.0503729207104833, -2.174600250463316, -0.16940123003256014, 1.1596576465881745, 2.2498966035099555, -1.5242853174636442, 2.900956615483423, -2.13586973522828, -1.4068336793916216], [4.164435994257637, -0.5910764782018483, 0.27286109692136057, -0.9678851481910378, 1.8605302709417626, -1.5948011562364368, 1.0748570659331325, 3.0911517962303785, -1.26515223996584], [-4.035735680654658, -3.829707298532482, 6.486082621666098, -0.7349918954792208, 4.484263732945756, 4.895762098945313, -6.603977515565379, -2.8575454559558136, -2.8133060829857777]]","[[-9.284107221608721, -4.954224643958209, 2.699342480248189, 0.6356309599996873, -2.9052162752793986, -0.6373756687483909, 0.95226736532611, 1.4648792888989175, -3.716300819498839], [0.0455749762687101, -1.9179885502850325, 4.689794237450199, -7.259915813592307, 2.6368720483408192, -2.8418539073131206, -6.259721842864024, -0.10906642377438928, -1.399867583946988], [-0.9812253701677934, -1.3228370571099581, 2.9416728704460353, -1.340186489470534, -1.233893764002139, 3.2627726035232265, 0.900524085181936, -1.4024988863087429, -5.342135743956422], [4.960790476361964, -6.1248664643064865, 3.448748114776818, 2.936306648389858, -6.974235766485565, 0.37915142818467157, 3.603614522348093, 2.275043199963207, -2.3150388858372986], [-0.42123106010467043, -3.342794278025202, 0.07667361220196756, 1.2064206016679893, 4.722398290488416, 2.9631809602538683, -3.1222255146501183, -1.6300047608359025, 4.165265151657129], [-5.780787888940656, -3.049113689652691, -0.41698109778410547, -5.161480325838337, -5.757730926288096, 2.7166907442981216, -1.816009668563392, -4.24797464793705, 2.725075025626153], [0.27896166499181213, 1.7376623467246937, 0.22026231028554977, 2.0094691329612, -0.3812280563845014, -4.246374823474214, -0.7456109586231364, -2.058492702179896, 4.989534319070861], [-0.43905472726366174, -0.6542589143328457, 3.406036318859753, 0.8965270419155573, -4.161919760966887, -0.5816744561760896, 1.0174802561200895, -1.9277964774205907, 1.6263618941407862], [-2.8036575226238334, -0.7068595033543497, -5.820815286133158, -4.48125265515294, -2.779786486115429, -3.8559884433308174, -2.776811872396607, -2.3289497808831197, 5.844526361897071]]","[0.5187155931194154, -0.4435148353581426, -0.5106060405964661, 0.8527350326514207, -0.008524598542708928, 0.8150415237544184, -0.6553886729292147, 0.21146875771135032, -0.688811833914549]","[-0.6605661746853098, -0.8933603480099317, 0.1915583927889506, -0.7702381013171435, -0.3333539145722719, -0.3126827374931451, 0.005780209037083983, 0.8240478571077052, -0.5645752195348388]"
"[[-0.4074305215595374, -1.3500342805853507, 1.7865746581291166, -1.0458895642848378, -2.8894599047037732, -0.6263071653119678, 0.8488333200433528, -0.8110544743461762, -0.8392074733709523], [-7.1915181323545365, 1.06083796300921, 6.545228485246973, 0.7188215300556443, -3.786720566298336, -1.8555726496213472, 0.656983734023578, -5.655796367620651, 1.0400593428151266], [-6.4353747721445025, -7.190909102806151, -1.0156337749608857, -1.4056603517208115, -0.520690146163879, -0.10029016394441659, 0.3091532186386297, -9.039663225022766, 6.582695748620684], [-0.7419698726999021, 1.0375395665366605, 1.1676938348029968, 5.967566553635105, 2.7831145488676756, -0.6047007453299547, 1.052060904637652, -2.052817664471024, 2.407690754363652], [4.739737936852294, -2.135008893830854, 1.5263934540127368, 0.9717818598943676, -1.5898449507555337, -2.0932468333068965, 2.3013697998363063, -2.3371878199510476, 0.41880507756580604], [1.0257462976643712, -3.4239191857960916, -3.1915553216383503, -3.3014775572499233, -0.9972966808427043, -1.3661579538865782, 4.183004519688061, -1.5738365272135129, 1.4170793877467545], [-2.50349583169688, -2.1768579206632337, -0.16966085296954092, 1.1596576465881745, 2.2552109165977603, -1.5250817130036882, 2.756621926052437, -1.9309682140925482, -1.4113765532132834], [4.280191608724754, -0.18134749027252295, 0.27286109692136057, -0.6845137795770708, 1.8605302709417626, -1.5948011562364368, 1.0816837364477219, 3.0896046134690964, -1.8582640508531372], [-4.0536571669361905, -3.831190610969237, 6.486082621666098, -0.7349918954792208, 4.484263732945756, 5.398421111962918, -6.605715205300849, -2.858323504070327, -2.814544194638872]]","[[-9.284107221608721, -4.956447895111066, 2.699342480248189, 0.6356309599996873, -2.9052162752793986, -0.6373756687483909, 1.0036047790551128, 1.4648792888989175, -3.830609679304922], [0.021807669387922113, -1.924349091651839, 4.69162766266727, -7.261677621859724, 2.653326222930478, -3.1902404519344607, -6.262871504138936, 0.0398511746362329, -1.399867583946988], [-0.9812253701677934, -1.3599620771037495, 2.953655981469014, -1.3383030972096657, -2.0947584789530884, 3.103832674613463, 0.9148684450342031, -1.404104308093413, -5.3450347814388275], [5.512208875905877, -5.872044004893227, 3.4479286465998835, 2.7612260724672795, -6.976559506749397, 0.3822186550595418, 3.603614522348093, 2.2762191518415333, -2.3154615909815224], [-0.41894757338037286, -2.452217051018322, 0.07667361220196756, 0.9984857621711328, 4.722691475113363, 3.094655339137407, -3.1226140722546445, -1.9638592200890748, 4.165856554607788], [-5.446140548037048, -3.0428164759212586, -0.41698109778410547, -4.511027174357206, -5.078971637666142, 2.7166907442981216, -2.0464922610416263, -4.24797464793705, 0.8689104519565889], [0.2781758199114713, 1.7376623467246937, 0.22026231028554977, 0.9764559889690088, -1.3168896408781676, -4.246374823474214, -0.7456109586231364, -2.0611218503886852, 3.7188124087159786], [-0.4439697597857223, -0.6542589143328457, 3.405482223093328, 0.8965270419155573, -4.165690534230542, -0.5816744561760896, 1.0161854721456423, -1.9277964774205907, 1.6263618941407862], [-2.4279045338427006, -0.6971975837694152, -5.820815286133158, -4.467103212228543, -2.779786486115429, -3.802596769125432, -2.776811872396607, -2.3289497808831197, 5.841381923470346]]","[0.0859311344399123, -0.13984680738515243, -0.13112283178825535, 0.6585947152900209, 0.31279862639654055, -0.501916881721042, 0.1559157364159265, 0.07608650985596688, 0.37891458233836706]","[0.6412513183242305, -0.19326764704362542, 0.8416096684922911, -0.17305580874511373, 0.23599410552696698, -0.7995306983428401, -0.3709674280273325, 0.29209033987833943, 0.8851984520671754]"
"[[-1.0086539616926, -1.3391860179987887, 1.778345127239326, -0.7962165916594276, -2.8894599047037732, -0.6234510161912445, 0.8490210896642963, -0.8110544743461762, -0.8392074733709523], [-7.253844489228451, 1.0645117689778612, 6.538734579958128, 0.7204708104264268, -3.786720566298336, -1.85369830596693, 0.660959146951488, -5.655796367620651, 2.9640513293715802], [-6.434799246931294, -11.834104286397874, -1.018839806412929, -1.405205203510098, -0.5227991537036569, -0.10029016394441659, 0.3097144862640346, -9.041267660922772, 6.579676703605405], [-0.7434889314420436, 1.0405512743398908, 1.1655741779056952, 5.967566553635105, 2.774087997476945, -0.6037698163572307, 0.7694824148362831, -3.305137293021759, 2.407690754363652], [4.73599233023941, -2.7615540409627566, 1.4445896452485985, 0.9717818598943676, -1.5853121125297847, -2.0863759952161924, 2.464692408173375, -2.3371878199510476, 0.43049816129504204], [1.0257462976643712, -2.908903888659666, -3.2037433139597895, -3.3047109903136533, -0.9952257757116322, -1.366785903478036, 4.290380465969415, -1.5746677675249507, 2.850124915963162], [-2.053342675044088, -2.1768579206632337, -0.16940123003256014, 1.1596576465881745, 2.2552109165977603, -1.5250817130036882, 2.756621926052437, -2.130672167038169, -1.4068336793916216], [4.164435994257637, -0.5910764782018483, 0.27286109692136057, -0.6790587876741709, 1.8605302709417626, -1.2543703838757998, 1.0816837364477219, 3.139892487895584, -1.26515223996584], [-4.0536571669361905, -3.831190610969237, 6.486082621666098, -0.7332015641481872, 4.500273787503998, 4.895334486863445, -6.603977515565379, -2.858323504070327, -2.5372688829062753]]","[[-7.277570227629465, -4.517368837067858, 2.699342480248189, 0.6356309599996873, -2.9156247099312376, -0.6383455340047589, 1.0022796855260563, 1.629531423688842, -3.830609679304922], [0.022096820350066444, -1.924349091651839, 4.69162766266727, -7.261677621859724, 2.653326222930478, -2.8418539073131206, -6.262871504138936, 0.03912035001151741, -1.399867583946988], [-0.9812253701677934, -1.3599620771037495, 2.953655981469014, -1.340186489470534, -2.0947584789530884, 3.112992719517403, 0.8410802399122227, -1.4024988863087429, -5.345094340511702], [5.499756868317719, -5.6713029876099394, 3.452710121991298, 2.7612260724672795, -6.977472972086177, 0.8700654125723309, 3.602147516342292, 2.2762191518415333, -2.338500495998621], [-0.41894757338037286, -3.342794278025202, 0.07667361220196756, 0.9984857621711328, 4.722691475113363, 3.094655339137407, -3.1226140722546445, -1.9608151473617401, 4.165265151657129], [-5.78415366756726, -3.044903114967628, -0.41698109778410547, -4.511027174357206, -5.76047505559699, 2.7166907442981216, -2.0464922610416263, -4.251338428681788, 0.8639155909886184], [0.265712090589306, 1.7376623467246937, 0.22026231028554977, 2.0075258260904274, -1.3193480864097111, -4.249612488396146, -0.7456109586231364, -2.0664221013911743, 4.991398353700466], [-0.43905472726366174, -0.4863401557643039, 3.4043090148279713, 0.8965270419155573, -4.160685678769287, -0.5816744561760896, 1.0174802561200895, -1.9277964774205907, 1.6263618941407862], [-2.4298389447407587, -0.7098362523529436, -5.820815286133158, -4.48125265515294, -2.4188187480370558, -3.802596769125432, -2.7777621184208923, -2.322084304252426, 5.841381923470346]]","[-0.5953156850805164, 0.351993344882219, -0.044798422544749084, 0.7914710726564511, -0.30123862717794214, -0.8436206500293246, -0.115882224319519, -0.798812966098781, 0.9456327660428685]","[-0.5884383779473406, -0.9866091294713082, -0.17526489422678537, 0.8908917864277317, -0.012876857959541299, -0.2874978809706439, 0.9834740547549754, -0.2133786079273139, -0.6054368140556203]"
"[[-0.41379878639194995, -1.3500342805853507, 1.7807374715961406, -1.0458895642848378, -2.889568979280442, -0.8510150388505888, 0.8488333200433528, -0.8110544743461762, -0.8392074733709523], [-7.253844489228451, 0.815649554907461, 6.545228485246973, 0.7221887887188431, -3.786720566298336, -1.8427671561516754, 0.6552693643718913, -5.634521469578848, 1.0400593428151266], [-6.434799246931294, -11.834104286397874, -1.018839806412929, -1.674726962066515, -0.5156131256464425, -0.10029016394441659, 0.31092845596460583, -9.039663225022766, 6.576166973606712], [-0.7446293367260085, 1.0291458314920263, 1.1676938348029968, 5.96703655631619, 2.777833584621932, -0.6047007453299547, 1.052060904637652, -2.052817664471024, 2.407690754363652], [4.739737936852294, -2.7584881005722237, 1.5263934540127368, 0.9717818598943676, -1.5898449507555337, -2.09017754767482, 2.3029541424915196, -2.3371878199510476, 0.41880507756580604], [1.0257462976643712, -2.908903888659666, -3.208596944184018, -3.3014775572499233, -0.9952257757116322, -1.3702630272644494, 4.183004519688061, -2.238063652691564, 1.4170793877467545], [-2.0503729207104833, 0.1704992107141311, -0.16966085296954092, 1.1574561411857285, 2.2498966035099555, -0.9498731246756624, 2.900956615483423, -2.12705833642854, -1.4113765532132834], [4.281315619724343, -0.5910764782018483, 0.2569617699561355, -0.9708125700140828, 1.8605302709417626, -1.2512578240242844, 1.0816837364477219, 3.0896046134690964, -1.26515223996584], [-3.5072593553481166, -3.8231879709340126, 6.486082621666098, -0.7389284530449104, 4.500273787503998, 4.888305200976109, -6.605715205300849, -2.853867788137508, -2.814544194638872]]","[[-7.277570227629465, -4.517368837067858, 2.699342480248189, 0.6374807353124216, -2.9156247099312376, -0.6373756687483909, 1.0022796855260563, 1.4648792888989175, -3.830609679304922], [0.022096820350066444, -1.9229846252229963, 4.69162766266727, -7.261677621859724, 2.6368720483408192, -2.8418539073131206, -6.262871504138936, -0.10906642377438928, -1.399867583946988], [-0.9781219455181367, -1.3561208539170075, 2.9426769315103245, -1.340186489470534, -2.536710066934175, 3.2627726035232265, 0.8410802399122227, -1.4024988863087429, -5.093644174812529], [5.499756868317719, -5.872044004893227, 3.4525821153428358, 2.7612260724672795, -7.317912977392591, 0.37915142818467157, 3.676751559984426, 2.2762191518415333, -2.3154615909815224], [-0.41894757338037286, -3.342794278025202, -0.6925982239300891, 0.9984857621711328, 4.722691475113363, 3.094655339137407, -3.1226140722546445, -1.6300047608359025, 4.165856554607788], [-5.78415366756726, -3.041545334437619, -0.41422390787927144, -4.511027174357206, -5.757730926288096, 2.693547268910431, -2.0464922610416263, -4.255303394335168, 0.8484079084607039], [0.2797753299641139, 1.7376623467246937, 0.22026231028554977, 0.9742908482864432, -1.3193480864097111, -4.246374823474214, -1.2974964518781043, -2.058492702179896, 3.715953253370917], [-0.43905472726366174, -0.6542589143328457, 3.405814651114492, 0.8965270419155573, -4.165690534230542, -0.32751114002719905, 1.0174802561200895, -1.9277964774205907, 1.62606052488699], [-2.8036575226238334, -0.7054551315285383, -5.820815286133158, -4.477037310295707, -2.779786486115429, -3.802596769125432, -2.7768666277740537, -2.3246409823396745, 5.841381923470346]]","[-0.868358650233191, 0.46969080135909946, -0.5567499644190654, 0.915612749650961, 0.35707758112584687, -0.10523393562576122, -0.696452803926219, 0.02528702417837647, -0.3670551044698669]","[-0.5028513015376876, -0.13339850235061745, -0.8012938927582021, 0.576875309714471, 0.04304874725215013, 0.9417976483146349, -0.5165012808951013, 0.6059517206580132, 0.2998868882296275]"
"[[-1.0112272431457399, -1.3500342805853507, 1.7807374715961406, -0.8000321529640082, -2.8894599047037732, -0.6234510161912445, 0.8490210896642963, -0.8110544743461762, -0.8414664877887239], [-7.1915181323545365, 0.8207235385512631, 6.545228485246973, 0.7188215300556443, -5.1394188723270675, -1.8555726496213472, 0.656983734023578, -4.852041188370669, 1.0400593428151266], [-6.434799246931294, -7.190909102806151, -1.0177699311162738, -1.4056603517208115, -0.5227991537036569, -0.10029016394441659, 0.31092845596460583, -9.039663225022766, 6.582695748620684], [-0.7419698726999021, 0.46936225782765745, 1.1676938348029968, 5.96703655631619, 2.984854630610705, -0.6047007453299547, 1.052060904637652, -3.305137293021759, 2.407690754363652], [4.739737936852294, -2.7615540409627566, 1.5263934540127368, 0.9717818598943676, -1.5898449507555337, -2.0896859460735344, 2.3013697998363063, -2.3371878199510476, 0.43049816129504204], [1.0257462976643712, -2.908903888659666, -3.1915553216383503, -3.3014775572499233, -0.9972966808427043, -1.3643915726058373, 4.183004519688061, -1.5784728407882143, 2.850124915963162], [-2.5005177318179603, 0.1704992107141311, -0.16966085296954092, 1.1632802495347574, 2.2552109165977603, -1.5250817130036882, 2.900956615483423, -2.130672167038169, -1.4113765532132834], [4.164435994257637, -0.18134749027252295, 0.2703041114125527, -0.6790587876741709, 1.8605302709417626, -1.2539881398312185, 1.0816837364477219, 3.0896046134690964, -1.8582640508531372], [-3.507125935211444, -3.8231879709340126, 6.486401279862606, -2.6934476656294937, 4.500273787503998, 5.398421111962918, -6.60194919031863, -2.86130964593823, -2.538239249682535]]","[[-9.064174017206453, -4.956447895111066, 2.699342480248189, 0.6368349458951074, -2.9052162752793986, -0.6156086271217343, 1.0036047790551128, 1.4618143491058675, -3.716300819498839], [0.021807669387922113, -1.924349091651839, 4.69162766266727, -7.265220783145041, 2.6388148719067552, -2.8418539073131206, -6.259721842864024, -0.10906642377438928, -1.399867583946988], [-0.9812253701677934, -1.3561208539170075, 2.953655981469014, -1.3380785928009769, -2.0947584789530884, 3.2627726035232265, 0.9148684450342031, -1.404104308093413, -5.3450347814388275], [5.512208875905877, -5.872044004893227, 3.4538351701536465, 2.7612260724672795, -6.977778303098647, 0.39524413241783296, 3.673285257135884, 2.2762191518415333, -2.338500495998621], [-0.41894757338037286, -2.452217051018322, 0.07667361220196756, 0.9984857621711328, 4.722691475113363, 3.094655339137407, -3.1226140722546445, -1.9638592200890748, 4.165265151657129], [-5.446140548037048, -3.0415933338029264, -0.41698109778410547, -5.161480325838337, -5.757730926288096, 2.7165597203586818, -1.8153871689939036, -4.24797464793705, 0.8689104519565889], [0.26862275156823145, 1.7376623467246937, 0.22026231028554977, 2.0094691329612, -1.3168896408781676, -4.246374823474214, -0.7456109586231364, -2.058492702179896, 3.719354356986463], [-0.43905472726366174, -0.6562988874794582, 3.4043090148279713, 0.8965270419155573, -4.159505250677843, -0.5816744561760896, 1.0161854721456423, -1.931938615989504, 1.7210198269782007], [-2.8036575226238334, -0.7004147601760023, -5.820815286133158, -4.48182312143723, -2.779786486115429, -3.802596769125432, -2.7658333511481743, -2.3289497808831197, 5.841381923470346]]","[0.8239919472752135, 0.2614198406867556, -0.8747867710664126, 0.22691911953801003, 0.8309761701181702, 0.10211917600479503, -0.8204445473723747, 0.2053168088332218, -0.014950167170895146]","[-0.19875663119770737, 0.8496122177885062, -0.9826523655132238, 0.6012270180550594, 0.8267670247182846, 0.9798771254315533, -0.4550023602680109, -0.20204494349916313, -0.763408792434638]"
"[[-1.0090349515941535, -1.3500342805853507, 1.782634605090409, -1.0458895642848378, -2.8894599047037732, -0.8557294982897791, 0.8461371764524144, -1.6430336961834466, -0.8414664877887239], [-7.2293319226437385, 1.0645117689778612, 6.545228485246973, 0.7224985384586462, -5.1429966610989934, -1.85369830596693, 0.6552693643718913, -5.655796367620651, 2.964152987915357], [-6.4353747721445025, -11.845101250019955, -1.0177699311162738, -1.405205203510098, -0.5155711327739797, 0.3553624485999314, 0.31092845596460583, -9.039663225022766, 6.579676703605405], [-0.7481682635033068, 0.46936225782765745, 1.3441327330124324, 5.963669114746569, 2.774087997476945, -0.6052763625795264, 0.7737244031970355, -2.052817664471024, 2.407690754363652], [4.739737936852294, -2.7615540409627566, 1.4308041882645433, 0.9717818598943676, -1.5898449507555337, -2.0863759952161924, 2.464692408173375, -2.3371878199510476, 1.1693039152332725], [1.0257462976643712, -3.4239191857960916, -3.20895839146071, -3.3051674230758104, -0.9952257757116322, -1.3587773284399194, 4.288234078796381, -1.5738365272135129, 2.854258358089339], [-2.053342675044088, 0.1704992107141311, -0.16966085296954092, 1.1595265467484757, 2.2498966035099555, -0.9520799992895695, 2.758413044183494, -2.13586973522828, -1.4113765532132834], [4.158026662850512, -0.5919577286378201, 0.259833434154017, -0.6845137795770708, 1.8605302709417626, -1.2539881398312185, 1.081582749287443, 3.0911517962303785, -1.26515223996584], [-4.035735680654658, -3.830771454683865, 6.486082621666098, -0.7349918954792208, 4.484263732945756, 4.89868105888792, -6.599982279127557, -2.858323504070327, -2.538239249682535]]","[[-9.064174017206453, -4.520428593439352, 2.699342480248189, 0.6359382325771429, -2.9052162752793986, -0.638346146755488, 0.9556712056380988, 1.630812187048427, -3.830609679304922], [0.0455749762687101, -1.9179885502850325, 4.69162766266727, -7.261677621859724, 2.424808879765878, -3.192591554105463, -6.25252327737636, 0.033974087470804284, -1.399867583946988], [-0.9833198443123959, -1.3599620771037495, 2.9416728704460353, -1.340186489470534, -2.5395847706904915, 3.502956394632758, 0.9148684450342031, -1.404104308093413, -5.3434540055350075], [5.497675213747841, -6.1248664643064865, 3.450092135673884, 2.9380476928273764, -7.317912977392591, 0.37915142818467157, 3.673285257135884, 2.275043199963207, -1.5672070978764603], [-0.41894757338037286, -2.454059327293805, 0.07667361220196756, 1.209593456147342, 4.722691475113363, 3.094655339137407, -3.1222255146501183, -1.9638592200890748, 4.165856554607788], [-5.4384557217892855, -3.049113689652691, -0.41698109778410547, -4.511027174357206, -5.079584078829816, 2.7166907442981216, -1.816009668563392, -4.251338428681788, 0.8662185115375111], [0.265712090589306, 1.7657156417117728, 0.22026231028554977, 2.0094691329612, -1.3168896408781676, -4.529626421309579, -1.2974964518781043, -2.058492702179896, 4.991398353700466], [-0.5341873471499704, -0.6542589143328457, 3.4043090148279713, 0.8943711164563096, -4.165690534230542, -0.32751114002719905, 1.0174802561200895, -1.9277964774205907, 1.6263618941407862], [-2.4279045338427006, -0.7098362523529436, -5.817225873647941, -4.48125265515294, -2.779786486115429, -3.802596769125432, -2.776811872396607, -2.3299806486593586, 5.841381923470346]]","[-0.3684156479816125, 0.12405241482784124, 0.9682326502466396, -0.6584820463750878, -0.7850599076683593, -0.9116761096184556, -0.6813561738288996, 0.6276259666811732, 0.7605609609837227]","[0.12567159266994454, 0.32203104784483205, 0.9826213462618902, -0.3164397773287404, -0.8542885956129087, 0.7082245198231085, -0.2556593113271517, -0.44080752503480203, -0.19067796067846365]"
"[[-0.4074305215595374, -1.3500342805853507, 1.7865746581291166, -0.7962165916594276, -2.8858224117797406, -0.8510150388505888, 0.8461371764524144, -1.6430336961834466, -0.8392074733709523], [-7.1915181323545365, 1.060092364795364, 6.110948407799101, 0.7204708104264268, -3.786720566298336, -1.8555726496213472, 0.656983734023578, -5.655796367620651, 2.9640513293715802], [-6.434799246931294, -11.84811049537602, -1.0177699311162738, -1.407464127119508, -0.5227991537036569, -0.10029016394441659, 0.3091532186386297, -9.039663225022766, 6.579676703605405], [-0.7412900812197668, 1.0291458314920263, 1.1655741779056952, 5.963669114746569, 2.981747279242514, -0.15727650249332126, 0.764776568492085, -2.052817664471024, 2.407690754363652], [4.739737936852294, -2.7615540409627566, 1.5282795439474681, 0.9717818598943676, -1.594786875109298, -2.0863759952161924, 2.3029541424915196, -2.3371878199510476, 0.41880507756580604], [1.0257462976643712, -3.4239191857960916, -3.2015382757502358, -3.2984594727220915, -0.9972966808427043, -1.366785903478036, 4.183004519688061, -1.5738365272135129, 1.4170793877467545], [-2.0479596695995883, -2.1768579206632337, -0.16940123003256014, 1.1596576465881745, 2.2339716645899768, -0.9520799992895695, 2.756621926052437, -1.9309682140925482, -1.4113765532132834], [4.164435994257637, -0.18134749027252295, 0.27004864540892215, -0.6845137795770708, 1.8605302709417626, -1.2543703838757998, 1.0748570659331325, 3.139892487895584, -1.8582640508531372], [-4.035735680654658, -3.8281204370299027, 6.489925232037327, -0.7389284530449104, 4.484263732945756, 5.398421111962918, -6.605715205300849, -2.858323504070327, -2.536316410001384]]","[[-7.279943516271421, -4.520428593439352, 2.699342480248189, 0.6359382325771429, -2.9052162752793986, -0.6383455340047589, 1.004307658008338, 1.630812187048427, -3.830609679304922], [0.01934209150188893, -1.9229846252229963, 4.69162766266727, -7.261677621859724, 2.427657085303105, -3.1895879934266187, -6.259721842864024, 0.03749813467894706, -1.399867583946988], [-0.9781219455181367, -1.3599620771037495, 2.9426769315103245, -1.3380046768911429, -2.5395847706904915, 3.2627726035232265, 0.833667498664172, -1.3736473577401611, -5.093644174812529], [4.95249417029656, -5.872044004893227, 3.448748114776818, 2.7612260724672795, -7.3218589660046955, 0.37915142818467157, 3.602147516342292, 2.2756526652483267, -2.3154615909815224], [-0.41894757338037286, -2.453055761875483, 0.07667361220196756, 1.2064206016679893, 4.722691475113363, 3.094655339137407, -3.1222255146501183, -1.6300047608359025, 4.165856554607788], [-5.442287215528152, -2.573835161864281, -0.41698109778410547, -4.514013478324036, -5.757730926288096, 2.7138254549085397, -2.0464922610416263, -4.251338428681788, 0.8484079084607039], [0.2574670202456941, 1.763668257427568, 0.2229296014133615, 0.9742908482864432, -1.3193480864097111, -4.249612488396146, -0.7456109586231364, -2.058492702179896, 3.715953253370917], [-0.45197900642404015, -0.6819107116799195, 3.4043090148279713, 0.8872468454515131, -4.159505250677843, -0.5833252428185969, 1.0174802561200895, -1.9277964774205907, 1.62606052488699], [-2.4279045338427006, -0.6971975837694152, -5.820815286133158, -4.477391534066355, -2.779786486115429, -3.802596769125432, -2.7658333511481743, -2.322084304252426, 5.841381923470346]]","[0.6027542962647163, 0.6459862223111867, -0.28917945516425037, -0.3693492445057014, 0.3124896722902326, -0.1082133375077714, 0.5071530351296603, 0.24173894198235146, -0.013844873415893133]","[0.19390190530615792, 0.15465774320030334, -0.800120074902654, 0.3729453301427432, 0.6374867988753119, -0.25811727388260053, -0.7002975954122219, 0.8881030267916847, -0.7412660273462754]"
"[[-0.4074305215595374, -1.351434107887505, 1.7865746581291166, -1.0458895642848378, -2.8903550179171718, -0.8510150388505888, 0.8461371764524144, -0.8110544743461762, -0.8414664877887239], [-7.223400203128158, 1.06083796300921, 6.110948407799101, 0.7221887887188431, -3.7877146790416427, -1.85369830596693, 0.660959146951488, -4.858846263303214, 2.964152987915357], [-6.434799246931294, -11.84811049537602, -1.0154763146439543, -1.405205203510098, -0.520690146163879, 0.3553624485999314, 0.31092845596460583, -9.039663225022766, 6.579676703605405], [-0.7447573305937714, 0.47072170709349703, 1.1676938348029968, 5.967566553635105, 2.981747279242514, -0.6122299756495394, 0.7737244031970355, -2.884575582383213, 2.407690754363652], [4.737729018540443, -2.135008893830854, 1.4209951838522474, 0.9717818598943676, -1.594786875109298, -2.0863759952161924, 2.4712238415546324, -2.3371878199510476, 0.41880507756580604], [1.0257462976643712, -2.908903888659666, -3.3438414402231875, -3.3014775572499233, -1.12243981260529, -1.366785903478036, 4.288234078796381, -1.5746677675249507, 2.850124915963162], [-2.0479596695995883, -2.174600250463316, -0.16843287867511203, 1.1596576465881745, 2.2498966035099555, -0.9501411580669734, 2.758413044183494, -2.130672167038169, -1.4068336793916216], [4.280191608724754, -0.5910764782018483, 0.259833434154017, -0.6790587876741709, 1.8605302709417626, -1.2539881398312185, 1.014420727024233, 3.0911517962303785, -1.8582640508531372], [-3.509441925926012, -3.829707298532482, 6.489184544477828, -0.7349918954792208, 4.500273787503998, 4.895334486863445, -6.608240832205477, -2.8575643873404917, -2.5372688829062753]]","[[-9.284107221608721, -4.954224643958209, 2.699342480248189, 0.6359382325771429, -2.908413757520057, -0.638346146755488, 0.9556712056380988, 1.629531423688842, -3.716300819498839], [0.021807669387922113, -1.9240085639606366, 5.422303591807955, -7.265220783145041, 2.63525885373046, -2.8418539073131206, -6.259721842864024, 0.0398511746362329, -2.4346860003212756], [-0.9812253701677934, -1.3245180463972752, 2.9416728704460353, -1.3383030972096657, -2.0947584789530884, 3.2627726035232265, 0.9148684450342031, -1.4024988863087429, -5.3434540055350075], [5.499756868317719, -5.872044004893227, 3.4479286465998835, 2.7612260724672795, -7.317912977392591, 0.8700654125723309, 3.676751559984426, 2.2762191518415333, -1.5672070978764603], [-0.41894757338037286, -2.4527250589866303, 0.07667361220196756, 0.9984857621711328, 4.722691475113363, 3.094655339137407, -3.1226140722546445, -1.6300047608359025, 4.165265151657129], [-5.78415366756726, -3.049113689652691, -0.41698109778410547, -4.511027174357206, -5.757730926288096, 2.7166907442981216, -2.0464922610416263, -4.251338428681788, 2.725075025626153], [0.26862275156823145, 1.7657156417117728, 0.22497322280584617, 2.0094691329612, -1.3133312441430391, -4.246374823474214, -1.2974964518781043, -2.058492702179896, 4.989534319070861], [-0.43905472726366174, -0.6835387791197522, 3.405814651114492, 0.8924043459127344, -4.161919760966887, -0.5816744561760896, 1.0167402479700687, -1.9265677206180074, 1.62606052488699], [-2.4298389447407587, -0.6258999942712007, -5.817225873647941, -4.48125265515294, -2.7818176892698463, -3.802596769125432, -2.77407899297464, -2.3260210628350393, 5.841381923470346]]","[-0.5978820024942282, 0.8786386357951692, 0.671164562874174, 0.7422932997589116, -0.41029836624068183, -0.5636814221123758, -0.7963731457014782, -0.23710631872714805, 0.02045104915916629]","[-0.7793870955787308, -0.32412510566064245, 0.588136693372801, -0.9407074023857254, -0.5005913241242776, 0.17229509721300063, -0.4788511981808927, -0.4467916942229868, -0.5442610860630308]"
"[[-0.4074305215595374, -1.3500342805853507, 1.7807374715961406, -1.0458895642848378, -2.8894599047037732, -0.8510150388505888, 0.8434793335687795, -0.8121997470499374, -0.8422269462586444], [-7.1915181323545365, 1.06083796300921, 6.545228485246973, 0.7204708104264268, -3.786720566298336, -1.85369830596693, 0.60452066471297, -4.852041188370669, 1.0400593428151266], [-6.434799246931294, -11.845101250019955, -1.0177699311162738, -1.405205203510098, -0.5227991537036569, 0.3553624485999314, 0.31092845596460583, -9.009549040031354, 6.582695748620684], [-0.7434889314420436, 1.0405512743398908, 1.1655741779056952, 5.967566553635105, 2.9854480360694597, -0.16193268978574546, 1.052060904637652, -2.052817664471024, 2.407690754363652], [4.739737936852294, -2.135008893830854, 1.4209951838522474, 0.9717818598943676, -1.5898449507555337, -2.0863759952161924, 2.466395830362763, -2.3371878199510476, 1.1666377097015055], [1.0257462976643712, -3.4255375632987985, -3.1915553216383503, -3.3014775572499233, -1.12243981260529, -1.3587773284399194, 4.288234078796381, -1.5701867897228918, 1.415100149468956], [-2.053342675044088, 0.17072227260283954, -0.16966085296954092, 1.1574561411857285, 2.2498966035099555, -1.5250817130036882, 2.756621926052437, -2.130672167038169, -1.4113765532132834], [4.164435994257637, -0.18136606500208668, 0.27526457589243414, -0.6845137795770708, 1.8605302709417626, -1.5948011562364368, 1.0802589309323738, 3.0896046134690964, -1.2641155405847577], [-4.035735680654658, -3.8231879709340126, 6.489343033007694, -0.7341477542267818, 4.500273787503998, 4.895334486863445, -6.603977515565379, -2.858323504070327, -2.5372688829062753]]","[[-9.284107221608721, -4.954224643958209, 2.699342480248189, 0.6376294666010194, -2.9156935316043935, -0.6373756687483909, 1.0022796855260563, 1.4648792888989175, -3.716300819498839], [0.021807669387922113, -1.9199118332108025, 4.697678940989397, -7.265220783145041, 2.427657085303105, -2.8418539073131206, -6.262871504138936, 0.03945268145161217, -1.399867583946988], [-0.9812253701677934, -1.3245180463972752, 2.9416728704460353, -1.3380785928009769, -1.233893764002139, 3.503302162241339, 0.9137621483104538, -1.4985642594192892, -5.3434540055350075], [5.499756868317719, -5.872044004893227, 3.452710121991298, 2.7612260724672795, -6.976559506749397, 0.39723410802836856, 3.673285257135884, 2.2762191518415333, -2.338500495998621], [-0.41894757338037286, -2.454059327293805, 0.07667361220196756, 0.9984857621711328, 4.722691475113363, 3.094655339137407, -3.1222255146501183, -1.9646371709000956, 4.165856554607788], [-5.439400943286008, -2.5754931083787156, -0.4216907496921267, -4.513185912286026, -5.757730926288096, 2.6995036019141714, -2.0464922610416263, -4.251338428681788, 0.8689104519565889], [0.26862275156823145, 1.7376623467246937, 0.22026231028554977, 2.0094691329612, -1.3193480864097111, -4.246374823474214, -1.2974964518781043, -2.06041781697132, 4.989534319070861], [-0.43905472726366174, -0.4863401557643039, 3.4051828996432536, 0.47125153477310855, -4.165690534230542, -0.5816744561760896, 1.0167402479700687, -1.931938615989504, 1.6263618941407862], [-2.4298389447407587, -0.6971975837694152, -5.820815286133158, -4.477391534066355, -2.4188187480370558, -3.802596769125432, -2.776811872396607, -2.3246409823396745, 5.83892533822488]]","[0.12139833478576012, 0.4063578773811862, 0.7467770761957917, 0.13733399615951658, 0.5394249444846513, -0.9059359499346729, 0.6166582328861292, 0.5657051119283867, 0.31599285858886983]","[-0.8604893456971732, -0.8875748821469984, -0.19679412201398638, -0.3652638280636198, 0.45616471900738653, 0.695368698942338, -0.05106693261794182, -0.44094889061260445, 0.6026163408134051]"
"[[-0.4074305215595374, -1.351434107887505, 1.782634605090409, -0.8000321529640082, -2.8894599047037732, -0.8609454890001143, 0.8461371764524144, -0.8072507687796184, -0.8392074733709523], [-7.1915181323545365, 0.8207235385512631, 6.110948407799101, 0.7236738526779759, -3.786720566298336, -1.85369830596693, 0.6552693643718913, -4.852041188370669, 1.0319274900142357], [-6.4353747721445025, -11.845101250019955, -1.018839806412929, -1.6744004051805914, -0.5227991537036569, 0.3544988873471482, 0.31092845596460583, -9.039663225022766, 6.581110428211935], [-0.7419698726999021, 1.0375395665366605, 1.1655741779056952, 5.96703655631619, 2.984854630610705, -0.15727650249332126, 1.052060904637652, -2.8869356950897527, 2.407690754363652], [4.743161929706151, -2.7615540409627566, 1.4227038958700882, 0.9717818598943676, -1.7448809134074752, -2.0896859460735344, 2.3013697998363063, -2.339058754631129, 1.1693039152332725], [1.0257462976643712, -3.4239191857960916, -3.20895839146071, -3.3014775572499233, -0.9952257757116322, -1.366785903478036, 4.183004519688061, -1.5785694648766262, 1.4170793877467545], [-2.053342675044088, 0.1704992107141311, -0.17159972831912246, 1.1595265467484757, 2.252213836836398, -0.9498731246756624, 2.7571364383076333, -1.9309682140925482, -1.4113765532132834], [4.164435994257637, -0.5919577286378201, 0.27286109692136057, -0.6845137795770708, 1.8639855239778087, -1.5948011562364368, 1.0748570659331325, 3.0911517962303785, -1.2641155405847577], [-4.0536571669361905, -3.8231879709340126, 6.489184544477828, -0.7389284530449104, 4.500273787503998, 4.892052661611052, -6.607106157954775, -2.86130964593823, -2.814544194638872]]","[[-9.064174017206453, -4.520428593439352, 2.699342480248189, 0.6359382325771429, -2.9052162752793986, -0.6156086271217343, 0.9556712056380988, 1.629531423688842, -4.35418992563997], [0.021807669387922113, -1.9240085639606366, 4.69162766266727, -7.261677621859724, 2.427657085303105, -3.192591554105463, -6.259721842864024, -0.10906642377438928, -1.399867583946988], [-0.9833198443123959, -1.3599620771037495, 2.953655981469014, -1.340186489470534, -2.0947584789530884, 3.261328339678798, 0.9148684450342031, -1.404104308093413, -5.3434540055350075], [5.499756868317719, -5.872044004893227, 3.4479286465998835, 2.9380476928273764, -6.977778303098647, 0.8700654125723309, 3.603614522348093, 2.2762191518415333, -2.338500495998621], [-0.4156750610191313, -2.454059327293805, 0.07667361220196756, 1.2064206016679893, 4.722691475113363, 3.094655339137407, -3.1222255146501183, -1.6300047608359025, 4.165265151657129], [-5.780787888940656, -3.0423979244756243, -0.41698109778410547, -4.514013478324036, -5.757730926288096, 2.6963300780665755, -1.8153871689939036, -4.253487434855497, 0.8484079084607039], [0.26862275156823145, 1.7376623467246937, 0.22026231028554977, 2.013246019231999, -0.3781804075637584, -4.246374823474214, -0.7456109586231364, -2.0611218503886852, 4.989534319070861], [-0.43905472726366174, -0.6542589143328457, 3.4043090148279713, 0.8965270419155573, -4.165690534230542, -0.5816744561760896, 1.0159352295728346, -1.9265677206180074, 1.6205233392138276], [-2.4279045338427006, -0.7098362523529436, -5.820815286133158, -4.48125265515294, -2.777878658835633, -3.8035945924754606, -2.788190695907042, -2.3260210628350393, 5.841381923470346]]","[0.857005829513606, 0.4003693805608126, -0.09511539749658815, 0.42575040996221647, -0.12619739371318284, -0.3597201031194719, -0.13416027635331385, -0.7757609984932012, 0.391575961794971]","[-0.14438446944112227, -0.7329560737926835, 0.6722523004393053, 0.22487329729056205, 0.9236164161431546, 0.7856951853797138, 0.04206721186415874, -0.5725955417895097, -0.9081227732525592]"
"[[-0.4074305215595374, -1.3500342805853507, 1.7865746581291166, -0.7962165916594276, -2.8894599047037732, -0.8609454890001143, 0.8434793335687795, -1.6430336961834466, -0.8422269462586444], [-7.1915181323545365, 0.8207235385512631, 6.545164422130065, 0.7238517722111931, -3.786720566298336, -1.8555726496213472, 0.660959146951488, -4.852041188370669, 1.0400593428151266], [-6.436396263768035, -7.189967574448831, -1.018839806412929, -1.405205203510098, -0.520690146163879, 0.3553624485999314, 0.31092845596460583, -9.039663225022766, 6.583117219624577], [-0.74087826200797, 0.47082169269308627, 1.1655741779056952, 5.96703655631619, 2.984854630610705, -0.6047007453299547, 0.7714909500005905, -2.8869356950897527, 2.401979348166583], [4.737729018540443, -2.7615540409627566, 1.4445896452485985, 0.9717818598943676, -1.7448809134074752, -2.0863759952161924, 2.465831531487429, -2.339058754631129, 1.1693039152332725], [1.0257462976643712, -2.908903888659666, -3.1915553216383503, -3.3014775572499233, -0.9938792683105618, -1.3643915726058373, 4.287345723973954, -1.5701867897228918, 1.4170793877467545], [-2.50349583169688, 0.17072227260283954, -0.17027934828131128, 1.1574561411857285, 2.251521054534178, -0.9498731246756624, 2.758413044183494, -2.13104781127385, -1.4068336793916216], [4.164435994257637, -0.18136606500208668, 0.2569617699561355, -0.6790587876741709, 1.8605302709417626, -1.2539881398312185, 1.0816837364477219, 3.0911517962303785, -1.8582640508531372], [-4.0536571669361905, -3.8231879709340126, 6.486082621666098, -0.7349918954792208, 4.500273787503998, 5.398421111962918, -6.603977515565379, -2.858323504070327, -2.5372688829062753]]","[[-9.284107221608721, -4.954224643958209, 2.699342480248189, 0.6368349458951074, -2.9052162752793986, -0.6373756687483909, 1.004307658008338, 1.629531423688842, -3.716300819498839], [0.022096820350066444, -1.9179885502850325, 4.697678940989397, -7.265220783145041, 2.6368720483408192, -2.8418539073131206, -6.259721842864024, 0.04522599331618284, -1.399867583946988], [-0.9833198443123959, -1.3599620771037495, 2.953655981469014, -1.3404125486112413, -2.0947584789530884, 3.5050712425732415, 0.900524085181936, -1.404104308093413, -5.345094340511702], [4.95249417029656, -6.1288392301537895, 3.4501805909729106, 2.9393297220647487, -7.3232446346247615, 0.3822186550595418, 3.671742510104812, 2.275043199963207, -2.338500495998621], [-0.41894757338037286, -2.457839142018519, 0.07667361220196756, 1.209593456147342, 4.720070281623636, 2.9631809602538683, -3.1222255146501183, -1.5422378187741106, 4.165265151657129], [-5.446140548037048, -3.041545334437619, -0.41698109778410547, -4.511027174357206, -5.757730926288096, 2.7166907442981216, -1.8153871689939036, -4.255303394335168, 0.8689104519565889], [0.26862275156823145, 1.7647025551083486, 0.22026231028554977, 0.9778790209111592, -1.3193480864097111, -4.246374823474214, -0.7456109586231364, -2.058492702179896, 4.989534319070861], [-0.43905472726366174, -0.4863401557643039, 3.402303184561495, 0.8924315647132892, -4.159505250677843, -0.5816744561760896, 1.0174802561200895, -1.9277964774205907, 1.7210198269782007], [-2.4298389447407587, -0.7101910211990958, -5.820815286133158, -4.48125265515294, -2.4188187480370558, -3.799286849578564, -2.776811872396607, -2.3289497808831197, 5.841381923470346]]","[0.9499061286029158, -0.5572225628817649, 0.005841249066961041, 0.6218738846881844, 0.015675407459960322, -0.6864708967053124, -0.709857632538011, -0.9002321350699696, 0.825587284894084]","[-0.9330234049362649, -0.5861514116193887, -0.6042186166257846, -0.8877870505263785, -0.46968306300023355, -0.9738219970089477, -0.48758028358660077, 0.9926136641289205, -0.8846973104723237]"
"[[-0.4074305215595374, -1.3500342805853507, 1.7865746581291166, -0.8000321529640082, -2.8903550179171718, -0.8520101633374281, 0.8440865590250627, -0.8072507687796184, -0.8414664877887239], [-7.1915181323545365, 0.815649554907461, 6.545228485246973, 0.7204708104264268, -5.1429966610989934, -1.8555726496213472, 0.656983734023578, -4.858846263303214, 2.964152987915357], [-6.434799246931294, -11.834104286397874, -1.0177699311162738, -1.4056603517208115, -0.5227991537036569, -0.10029016394441659, 0.3097144862640346, -9.039663225022766, 6.579676703605405], [-0.7446293367260085, 1.0375395665366605, 1.1655741779056952, 5.96703655631619, 2.7831145488676756, -0.6037698163572307, 0.7694824148362831, -2.052817664471024, 2.4098091509153994], [4.737729018540443, -2.7693798986226077, 1.4209951838522474, 0.967119871130027, -1.7448809134074752, -2.0847512011045537, 2.3029541424915196, -2.339058754631129, 0.41880507756580604], [1.0257462976643712, -2.908903888659666, -3.2037433139597895, -3.3014775572499233, -0.9952257757116322, -1.366785903478036, 4.291332452922067, -1.5746677675249507, 2.854258358089339], [-2.053342675044088, -2.176182232994748, -0.16966085296954092, 1.158621373617493, 2.252213836836398, -0.9501411580669734, 2.756621926052437, -1.9309682140925482, -1.4113765532132834], [4.164435994257637, -0.5919577286378201, 0.259833434154017, -0.6845137795770708, 1.8639855239778087, -1.2539881398312185, 1.0792918328200862, 3.0911517962303785, -1.26515223996584], [-4.035735680654658, -3.8231879709340126, 6.486401279862606, -0.7349918954792208, 4.481303966372652, 4.892052661611052, -6.603977515565379, -2.853867788137508, -2.538239249682535]]","[[-9.284107221608721, -4.517368837067858, 2.699342480248189, 0.6359382325771429, -2.9052162752793986, -0.6373756687483909, 1.0036047790551128, 1.629531423688842, -4.35418992563997], [0.021807669387922113, -1.9240085639606366, 4.69162766266727, -7.261677621859724, 2.653326222930478, -2.8418539073131206, -6.262871504138936, 0.04522599331618284, -1.399867583946988], [-0.9812253701677934, -1.354312097976882, 2.9416728704460353, -1.3380785928009769, -2.0947584789530884, 3.5050712425732415, 0.8410802399122227, -1.404104308093413, -5.093644174812529], [4.960790476361964, -6.1248664643064865, 3.4479286465998835, 2.7612260724672795, -7.3218589660046955, 0.8700654125723309, 3.60578532855634, 2.274358078522185, -1.5672070978764603], [-0.41894757338037286, -2.454059327293805, 0.07667361220196756, 0.9984857621711328, 4.722691475113363, 3.094655339137407, -3.1226140722546445, -1.6300047608359025, 4.165265151657129], [-5.442287215528152, -3.049113689652691, -0.41698109778410547, -6.161225648687041, -5.079584078829816, 2.7166907442981216, -1.8153871689939036, -4.251338428681788, 0.8639155909886184], [0.26862275156823145, 1.7376623467246937, 0.22497322280584617, 2.0075258260904274, -1.3193480864097111, -4.246374823474214, -0.7456109586231364, -2.058492702179896, 3.715953253370917], [-0.43905472726366174, -0.6542589143328457, 3.4043090148279713, 0.8924315647132892, -4.165690534230542, -0.5816744561760896, 1.0174802561200895, -1.931938615989504, 1.6263618941407862], [-2.80960298151792, -0.7098362523529436, -5.817225873647941, -4.477037310295707, -2.779786486115429, -3.802596769125432, -2.776811872396607, -2.3246409823396745, 5.872415316293022]]","[-0.9546517598949658, -0.47227627722533105, -0.4256584148424267, 0.9875883950294042, 0.9552142623270314, -0.11004900094762049, -0.4955652619000235, -0.12328146824845065, -0.3611365562738502]","[-0.5374592333675254, 0.41154434381587834, 0.3398841281117069, -0.5175796838224889, -0.14924558570910063, 0.11770134006724486, 0.2614787267903791, -0.8241309255645402, 0.11158029983438933]"
"[[-0.4074305215595374, -1.3500342805853507, 1.7865746581291166, -1.0458895642848378, -2.8868762259412453, -0.6234510161912445, 0.8461371764524144, -0.8110544743461762, -0.8392074733709523], [-7.1915181323545365, 1.060092364795364, 6.545228485246973, 0.7204560204352198, -5.1429966610989934, -1.8547171838573562, 0.656983734023578, -5.655796367620651, 1.0400593428151266], [-6.4353747721445025, -11.845101250019955, -1.018839806412929, -1.405205203510098, -0.5201045099937112, 0.4369354713290635, 0.31092845596460583, -9.039663225022766, 6.582695748620684], [-0.7446293367260085, 1.0375395665366605, 1.1655741779056952, 5.96703655631619, 2.981747279242514, -0.6047007453299547, 0.7737244031970355, -2.8869356950897527, 2.401979348166583], [4.743161929706151, -2.7615540409627566, 1.4227038958700882, 0.9717818598943676, -1.5898449507555337, -2.0896859460735344, 2.466395830362763, -2.3371878199510476, 0.41767629598988376], [1.019241813902939, -3.4239191857960916, -3.20895839146071, -3.2984594727220915, -0.9953631360163735, -1.3661579538865782, 4.183004519688061, -1.5746677675249507, 1.4135610340167264], [-2.053342675044088, 0.1704992107141311, -0.16940123003256014, 1.158621373617493, 2.2498966035099555, -1.5250817130036882, 2.900956615483423, -2.130672167038169, -1.4068336793916216], [4.164435994257637, -0.18136606500208668, 0.25999903941099983, -0.6790587876741709, 1.8605302709417626, -1.5948011562364368, 1.081582749287443, 3.0911517962303785, -1.8582640508531372], [-4.0536571669361905, -3.8231879709340126, 6.489184544477828, -0.7309742750294204, 4.500273787503998, 4.894493399998486, -6.603977515565379, -2.858323504070327, -2.8133060829857777]]","[[-9.064174017206453, -4.520428593439352, 2.699342480248189, 0.6356309599996873, -2.908413757520057, -0.6362188725134188, 0.95226736532611, 1.4618143491058675, -4.35418992563997], [0.022096820350066444, -1.9199118332108025, 4.697678940989397, -7.261677621859724, 2.653326222930478, -3.192591554105463, -6.262871504138936, 0.0398511746362329, -0.35973678396978015], [-0.9805291611680346, -1.3599620771037495, 2.953655981469014, -1.340186489470534, -1.232825516145741, 3.2627726035232265, 0.9148684450342031, -1.404104308093413, -5.093644174812529], [4.960790476361964, -6.124643057279897, 3.450092135673884, 2.9393297220647487, -7.317912977392591, 0.39723410802836856, 3.673285257135884, 2.2762191518415333, -2.3154615909815224], [-0.41894757338037286, -2.454059327293805, 0.07667361220196756, 1.209593456147342, 4.722691475113363, 3.094655339137407, -3.1226140722546445, -1.9646371709000956, 4.165265151657129], [-5.446140548037048, -2.573835161864281, -0.418402956208478, -4.514013478324036, -5.76047505559699, 2.7166907442981216, -2.0464922610416263, -4.251338428681788, 0.8642180104897962], [0.2574670202456941, 1.770740362090914, 0.2229296014133615, 0.9769720620124375, -1.31000293305001, -4.250681694348046, -1.2974964518781043, -2.058492702179896, 4.989534319070861], [-0.43905472726366174, -0.6819107116799195, 3.4092453711697748, 0.8965270419155573, -4.5360560794141875, -0.32751114002719905, 1.0174802561200895, -1.931938615989504, 1.6263618941407862], [-2.4298389447407587, -0.7101910211990958, -5.820815286133158, -4.48125265515294, -2.779646116881424, -3.8035945924754606, -2.7777621184208923, -2.3260210628350393, 5.844526361897071]]","[0.8330808166984129, -0.5622251698753626, -0.9217648401067848, 0.3647799236315046, -0.622562336377775, 0.4617160537259333, -0.20263728229248423, 0.8533093143599004, -0.1272906583325739]","[-0.750730719530869, 0.9899029449942462, -0.6717787824535926, -0.2506270350248152, 0.21720378893046144, 0.7268475590472054, -0.6242549826357671, -0.5567458651890926, 0.4802551422422361]"
"[[-0.4074305215595374, -1.3500342805853507, 1.782634605090409, -1.0458895642848378, -2.8894599047037732, -0.8510150388505888, 0.8488333200433528, -0.8110544743461762, -0.8414664877887239], [-7.253844489228451, 1.06083796300921, 6.545228485246973, 0.7176465797570293, -3.7877146790416427, -1.8555726496213472, 0.660959146951488, -5.655796367620651, 2.964152987915357], [-6.4353747721445025, -11.84811049537602, -1.0156337749608857, -1.6744004051805914, -0.520690146163879, -0.10029016394441659, 0.3097144862640346, -9.039663225022766, 6.579676703605405], [-0.7396670468827663, 1.0375395665366605, 1.1676938348029968, 6.738193950576403, 2.774087997476945, -0.6122299756495394, 1.052060904637652, -2.8869356950897527, 2.407690754363652], [4.739737936852294, -2.135008893830854, 1.4209951838522474, 0.9717818598943676, -1.5898449507555337, -2.0932468333068965, 2.3029541424915196, -2.3371878199510476, 0.41880507756580604], [1.0257462976643712, -3.4255375632987985, -3.2037433139597895, -3.3014775572499233, -0.9972966808427043, -1.3661579538865782, 4.183004519688061, -1.5738365272135129, 1.4170793877467545], [-2.50349583169688, -2.174600250463316, -0.16940123003256014, 1.1574561411857285, 2.2352952275604023, -1.5242853174636442, 2.756621926052437, -1.9309682140925482, -1.4113765532132834], [4.164435994257637, -0.5921345049492964, 0.27286109692136057, -0.6798819834175054, 1.8605302709417626, -1.2539881398312185, 1.0748570659331325, 3.143017698428253, -1.8582640508531372], [-4.0536571669361905, -3.831190610969237, 6.486401279862606, -0.7349918954792208, 4.500273787503998, 4.892052661611052, -6.605715205300849, -2.858323504070327, -2.814544194638872]]","[[-9.064174017206453, -4.954224643958209, 2.699342480248189, 0.6356309599996873, -2.9081317572737486, -0.6373756687483909, 1.0022796855260563, 1.4648792888989175, -3.830609679304922], [0.021807669387922113, -1.9199118332108025, 4.697678940989397, -7.261677621859724, 2.653326222930478, -3.1817562457462687, -6.262871504138936, 0.0398511746362329, -1.399867583946988], [-0.9812253701677934, -1.3599620771037495, 2.9416728704460353, -1.340186489470534, -2.0947584789530884, 3.2627726035232265, 0.9148684450342031, -1.404104308093413, -5.3434540055350075], [5.499756868317719, -5.872044004893227, 3.4479286465998835, 2.936306648389858, -6.977778303098647, 0.3822186550595418, 3.603614522348093, 2.275043199963207, -2.3154615909815224], [-0.41894757338037286, -2.452217051018322, 0.07667361220196756, 1.209593456147342, 4.722691475113363, 3.094655339137407, -3.1222255146501183, -1.9638592200890748, 4.165856554607788], [-5.446140548037048, -3.0428164759212586, -0.41698109778410547, -4.514013478324036, -5.078971637666142, 2.69756876979242, -1.816009668563392, -4.24797464793705, 0.8642180104897962], [0.26862275156823145, 1.7376623467246937, 0.22497322280584617, 0.9764559889690088, -1.3168896408781676, -4.249612488396146, -0.7456109586231364, -2.0611218503886852, 3.7188124087159786], [-0.4439697597857223, -0.6542589143328457, 3.405814651114492, 0.8878523224182467, -4.5360560794141875, -0.32751114002719905, 1.0161854721456423, -1.9277964774205907, 1.6263618941407862], [-2.80960298151792, -0.6258999942712007, -5.820815286133158, -4.48125265515294, -2.4188187480370558, -3.8559884433308174, -2.77407899297464, -2.3260210628350393, 5.841381923470346]]","[-0.8281112862862896, -0.722540476938393, 0.7205857360331529, 0.5636108316612545, -0.9098114386105927, -0.3324069869903734, -0.2339767464111253, 0.8757844966250232, 0.4902133582414292]","[0.3154126780943647, -0.6372600264035961, -0.6624758333257124, 0.6570470641326565, -0.3186325449092997, 0.4513110250917831, 0.2737338127077886, 0.24733959316722975, -0.5874763102569391]"
"[[-0.41379878639194995, -1.3500342805853507, 1.782634605090409, -1.0458895642848378, -2.8894599047037732, -0.8510150388505888, 0.8440865590250627, -0.8110544743461762, -0.8392074733709523], [-7.1915181323545365, 0.8207235385512631, 6.545228485246973, 0.7204708104264268, -5.1394188723270675, -1.8573855828775403, 0.656983734023578, -4.858846263303214, 2.9640513293715802], [-6.434799246931294, -11.84811049537602, -1.0156337749608857, -1.674726962066515, -0.5156131256464425, 0.3553624485999314, 0.31092845596460583, -9.039663225022766, 6.579676703605405], [-0.7419698726999021, 0.46936225782765745, 1.1655741779056952, 5.96703655631619, 2.777833584621932, -0.6122299756495394, 1.052060904637652, -2.052817664471024, 2.407690754363652], [4.739737936852294, -2.7615540409627566, 1.4227038958700882, 0.9717818598943676, -1.594786875109298, -2.0863759952161924, 2.3029541424915196, -2.3371878199510476, 0.41880507756580604], [1.0257462976643712, -2.908903888659666, -3.2037433139597895, -3.2984594727220915, -1.12243981260529, -1.366785903478036, 4.183004519688061, -1.5738365272135129, 1.4170793877467545], [-2.5017956737532585, -2.174600250463316, 0.1389748624594306, 1.1596745616363877, 2.2498966035099555, -0.9501411580669734, 2.756621926052437, -2.12705833642854, -1.4068336793916216], [4.281315619724343, -0.5910764782018483, 0.259833434154017, -0.6790587876741709, 1.8605302709417626, -1.2512578240242844, 1.0748570659331325, 3.0911517962303785, -1.8582640508531372], [-4.035735680654658, -3.8231879709340126, 6.489184544477828, -0.7389284530449104, 4.484263732945756, 4.895762098945313, -6.603977515565379, -2.858323504070327, -2.538239249682535]]","[[-7.277570227629465, -4.520428593439352, 2.695250343347329, 0.6376294666010194, -2.908413757520057, -0.6373756687483909, 1.0022796855260563, 1.629531423688842, -3.716300819498839], [0.04461506815490572, -1.9229846252229963, 4.697678940989397, -7.261677621859724, 2.6368720483408192, -2.8418539073131206, -6.25252327737636, -0.10906642377438928, -2.4350815499490905], [-0.9812253701677934, -1.3599620771037495, 2.9416728704460353, -1.3380785928009769, -2.0947584789530884, 3.2627726035232265, 0.8410802399122227, -1.4024988863087429, -5.3434540055350075], [4.960790476361964, -5.872044004893227, 3.4479286465998835, 2.753278148224796, -6.977778303098647, 0.8700654125723309, 3.676751559984426, 2.275043199963207, -1.5672070978764603], [-0.41894757338037286, -2.453055761875483, 0.07667361220196756, 0.9984857621711328, 4.722691475113363, 2.9631809602538683, -3.1222255146501183, -1.9638592200890748, 4.165856554607788], [-5.446140548037048, -2.5754931083787156, -0.4189630806345346, -4.511027174357206, -5.757730926288096, 2.7138254549085397, -2.0464922610416263, -4.255303394335168, 0.8689104519565889], [0.26862275156823145, 1.7376623467246937, 0.22497322280584617, 2.0094691329612, -1.3168896408781676, -4.243711081770705, -1.3022355310762488, -2.0664221013911743, 3.715953253370917], [-0.43918445802066214, -0.4863401557643039, 3.405482223093328, 0.8916491588996776, -4.165690534230542, -0.32751114002719905, 1.0174802561200895, -1.9277964774205907, 1.7207822492834302], [-2.4279045338427006, -0.6258999942712007, -5.817225873647941, -4.48125265515294, -2.779786486115429, -3.8559884433308174, -2.7664457307000156, -2.3260210628350393, 5.841381923470346]]","[-0.11262779182330473, -0.774311279270451, 0.9944698481349108, -0.9783941222510337, -0.7350319017303144, -0.9141246003281409, -0.7123705090184067, -0.6951905716234061, 0.39085423173237377]","[-0.3613427610840436, -0.9415166057125821, -0.31615023340322734, 0.18461305304039666, 0.8330031695574625, 0.60537081976724, 0.3374004642353907, -0.8118871403584715, -0.6915530058715231]"
"[[-1.0090349515941535, -1.3500342805853507, 0.9638082818724596, -1.0458895642848378, -2.889568979280442, -0.8609454890001143, 0.8461371764524144, -1.6456552292504782, -0.8433931761997969], [-7.223400203128158, 1.06083796300921, 6.545228485246973, 0.7188215300556443, -3.782491166150998, -1.8555726496213472, 0.6552693643718913, -5.655796367620651, 1.0347712380028422], [-6.4353747721445025, -7.190909102806151, -1.0158608847611128, -1.405205203510098, -0.5156131256464425, -0.10029016394441659, 0.31092845596460583, -9.039663225022766, 6.579676703605405], [-0.7446293367260085, 1.0291458314920263, 1.1655741779056952, 5.96703655631619, 2.777833584621932, -0.6047007453299547, 1.052060904637652, -2.052817664471024, 2.407690754363652], [4.739737936852294, -2.7718557583401293, 1.5263934540127368, 0.9717818598943676, -1.5909130116677228, -2.09017754767482, 2.464692408173375, -2.3371878199510476, 0.43049816129504204], [1.0257462976643712, -3.4239191857960916, -3.208596944184018, -3.3014775572499233, -0.9952257757116322, -1.3661579538865782, 4.183004519688061, -2.238063652691564, 1.4135610340167264], [-2.5017956737532585, 0.1704992107141311, -0.17159972831912246, 1.1596576465881745, 2.2498966035099555, -0.9498731246756624, 2.756621926052437, -2.130672167038169, -1.4113765532132834], [4.164435994257637, -0.18136606500208668, 0.25999903941099983, -0.6845137795770708, 1.8605302709417626, -1.2512578240242844, 1.0792918328200862, 3.0911517962303785, -1.26515223996584], [-4.0536571669361905, -3.8328775843092915, 6.489184544477828, -0.7349918954792208, 4.500273787503998, 4.895334486863445, -6.603977515565379, -2.8575643873404917, -2.5372688829062753]]","[[-9.284107221608721, -4.520428593439352, 2.699342480248189, 0.6374807353124216, -2.9156247099312376, -0.6373756687483909, 1.0022796855260563, 1.4648792888989175, -3.716300819498839], [0.022096820350066444, -1.9240085639606366, 4.69162766266727, -7.265220783145041, 2.6368720483408192, -2.8418539073131206, -6.262871504138936, -0.1076017125221176, -1.399867583946988], [-0.9812253701677934, -1.3245180463972752, 2.9416728704460353, -1.3380046768911429, -1.236937372807083, 3.2627726035232265, 0.8410802399122227, -1.404104308093413, -5.089706162980638], [4.960790476361964, -5.872044004893227, 3.452710121991298, 2.7612260724672795, -6.977778303098647, 0.37915142818467157, 3.676751559984426, 2.2762191518415333, -2.3154615909815224], [-0.4156750610191313, -2.454059327293805, 0.07667361220196756, 1.209593456147342, 4.722691475113363, 3.094655339137407, -3.1226140722546445, -1.6300047608359025, 4.165265151657129], [-5.439400943286008, -3.0428164759212586, -0.41698109778410547, -4.517228055011085, -5.757730926288096, 2.6995036019141714, -2.0464922610416263, -4.255303394335168, 0.8484079084607039], [0.27896166499181213, 1.7376623467246937, 0.22026231028554977, 2.0094691329612, -0.3812280563845014, -4.532529822485535, -1.2974964518781043, -2.058492702179896, 4.989534319070861], [-0.4439697597857223, -0.4863401557643039, 3.4092453711697748, 0.8965270419155573, -4.538747937393325, -0.32751114002719905, 1.0167402479700687, -1.9277964774205907, 1.7238336511564503], [-2.4314332021590515, -0.6258999942712007, -5.820815286133158, -4.48125265515294, -2.779786486115429, -3.802596769125432, -2.7768666277740537, -2.3246409823396745, 5.841381923470346]]","[0.4594559158613867, -0.06208041034719658, 0.21168066527817775, -0.5776450444074901, 0.3475421865120496, 0.47896941573462426, 0.16256433800745396, 0.0170800894110148, 0.32984618651140973]","[-0.6161704638790431, -0.37134245201888416, -0.2776880702686464, -0.8018632333189852, 0.40728661565966906, -0.5798903298763871, 0.7292994976864915, 0.5484615654011709, 0.6127712903640048]"
"[[-0.4074305215595374, -1.3399766658558576, 1.7865746581291166, -1.0458895642848378, -2.8894599047037732, -0.6263071653119678, 0.8461371764524144, -1.6430336961834466, -0.8392074733709523], [-7.2293319226437385, 1.060092364795364, 6.110948407799101, 0.7269425165980167, -3.782491166150998, -1.8432100757254455, 0.660959146951488, -4.852041188370669, 2.9640513293715802], [-6.434799246931294, -7.189967574448831, -1.0167473948584245, -1.405205203510098, -0.5227991537036569, 0.3560749065138562, 0.3079542086099184, -9.039663225022766, 6.579676703605405], [-0.7407626946551091, 1.0291458314920263, 1.5878155462728831, 5.967566553635105, 2.777833584621932, -0.6047007453299547, 0.769104770545458, -3.305137293021759, 2.407690754363652], [4.739737936852294, -2.136312044875994, 1.4308041882645433, 0.9717818598943676, -1.7451390320756113, -2.0847512011045537, 2.3029541424915196, -2.3371878199510476, 0.43049816129504204], [1.0257462976643712, -3.4239191857960916, -3.3438414402231875, -3.3047109903136533, -0.9952257757116322, -1.366785903478036, 4.291332452922067, -1.5738365272135129, 1.4170793877467545], [-2.5017956737532585, -2.1768579206632337, -0.17159972831912246, 1.1596745616363877, 2.2498966035099555, -0.9498731246756624, 2.756621926052437, -2.130672167038169, -1.4068336793916216], [4.164435994257637, -0.18134749027252295, 0.27004864540892215, -0.6845137795770708, 1.8605302709417626, -1.2539881398312185, 1.0792918328200862, 3.1394417249362183, -1.26515223996584], [-4.0536571669361905, -3.831190610969237, 6.486082621666098, -0.7349918954792208, 4.484263732945756, 5.398421111962918, -6.60194919031863, -2.858323504070327, -2.5372688829062753]]","[[-9.064174017206453, -4.954452259483304, 2.699342480248189, 0.6376294666010194, -2.9156247099312376, -0.6383455340047589, 0.9556712056380988, 1.4618143491058675, -3.716300819498839], [0.021807669387922113, -1.9240085639606366, 4.69162766266727, -7.261677621859724, 2.427657085303105, -2.8418539073131206, -6.252733067299166, 0.03912035001151741, -1.399867583946988], [-0.9805291611680346, -1.3245180463972752, 2.9416728704460353, -1.340186489470534, -2.0947584789530884, 3.2627726035232265, 0.9148684450342031, -1.4024988863087429, -5.3450347814388275], [4.95249417029656, -5.872044004893227, 3.450092135673884, 2.751566565753008, -6.977778303098647, 0.3822186550595418, 3.673285257135884, 2.275043199963207, -2.3154615909815224], [-0.41894757338037286, -2.457839142018519, 0.07667361220196756, 0.9984857621711328, 4.722691475113363, 2.9631809602538683, -3.1222255146501183, -1.6300047608359025, 4.165856554607788], [-5.446140548037048, -3.0428164759212586, -0.4146048649766408, -4.514013478324036, -5.079584078829816, 2.7138254549085397, -2.0464922610416263, -4.251338428681788, 0.8484079084607039], [0.26862275156823145, 1.7657156417117728, 0.22026231028554977, 0.9773420555481922, -1.3193480864097111, -4.532529822485535, -0.7456109586231364, -2.06041781697132, 3.715953253370917], [-0.43905472726366174, -0.6819107116799195, 3.406036318859753, 0.8968527458323242, -4.165690534230542, -0.5816744561760896, 1.0174802561200895, -1.9277964774205907, 1.6263618941407862], [-2.4279045338427006, -0.7101910211990958, -5.820815286133158, -4.467103212228543, -2.779646116881424, -3.8015440899346964, -2.776811872396607, -2.3260210628350393, 5.841381923470346]]","[0.32883894610708175, -0.17900554769949473, 0.13467471678381804, 0.2977306471301153, -0.6073426702793925, -0.2738015008067649, -0.25004411334276444, -0.43300824120624926, 0.9609971547104814]","[0.7799266446530224, -0.7349986539240825, -0.825286911116353, -0.07433684742609903, 0.1229884717592924, -0.18775459895055113, 0.07854191711147673, 0.26526083388950283, -0.18847514436315493]"
"[[-1.0090349515941535, -1.3405794576813395, 1.7865746581291166, -1.0458895642848378, -2.8894599047037732, -0.6263071653119678, 0.8434793335687795, -0.8110544743461762, -0.8392074733709523], [-7.223400203128158, 1.06083796300921, 6.545228485246973, 0.7238517722111931, -3.786720566298336, -1.8555726496213472, 0.656983734023578, -4.862027172624425, 2.964152987915357], [-6.4353747721445025, -7.190909102806151, -1.0177699311162738, -1.405205203510098, -0.5227991537036569, 0.3544988873471482, 0.31092845596460583, -9.009549040031354, 6.579676703605405], [-0.7419698726999021, 0.46936225782765745, 1.1655741779056952, 5.967566553635105, 2.981747279242514, -0.6122299756495394, 0.7737244031970355, -2.884575582383213, 2.407690754363652], [4.738290104001717, -2.135008893830854, 1.4209951838522474, 0.9717818598943676, -1.5898449507555337, -2.0863759952161924, 2.3013697998363063, -2.339058754631129, 1.1693039152332725], [1.0257462976643712, -3.4255375632987985, -3.20895839146071, -3.3014775572499233, -0.9952257757116322, -1.366785903478036, 4.183004519688061, -1.5785694648766262, 2.854258358089339], [-2.5005177318179603, 0.1704992107141311, -0.16966085296954092, 1.1596576465881745, 2.2498966035099555, -0.9501411580669734, 2.8990245952659652, -1.9309682140925482, -1.4113765532132834], [4.164435994257637, -0.5919577286378201, 0.27286109692136057, -0.6845137795770708, 1.8605302709417626, -1.2539881398312185, 1.0748570659331325, 3.0911517962303785, -1.2641155405847577], [-4.035735680654658, -3.8231879709340126, 6.489184544477828, -0.7389284530449104, 4.500273787503998, 4.892052661611052, -6.607106157954775, -2.858323504070327, -2.5372688829062753]]","[[-9.284107221608721, -4.517368837067858, 2.699342480248189, 0.6376294666010194, -2.9081317572737486, -0.6373756687483909, 0.9556712056380988, 1.629531423688842, -3.716300819498839], [0.021807669387922113, -1.9240085639606366, 4.697678940989397, -7.261677621859724, 2.653326222930478, -2.8418539073131206, -6.259721842864024, 0.033974087470804284, -1.399867583946988], [-0.9833198443123959, -1.3599620771037495, 2.953655981469014, -1.340186489470534, -2.0947584789530884, 3.2627726035232265, 0.9137621483104538, -1.404104308093413, -5.3434540055350075], [5.497675213747841, -5.872044004893227, 3.4479286465998835, 2.9374998461780026, -6.977778303098647, 0.3822186550595418, 3.676751559984426, 2.2762191518415333, -2.338500495998621], [-0.41894757338037286, -2.452217051018322, 0.07667361220196756, 0.9984857621711328, 4.722691475113363, 3.094655339137407, -3.1222255146501183, -1.9587957707946746, 4.165265151657129], [-5.439361245810027, -3.049113689652691, -0.41698109778410547, -4.513185912286026, -5.757730926288096, 2.7166907442981216, -1.8153871689939036, -4.24797464793705, 0.8484079084607039], [0.26862275156823145, 1.7376623467246937, 0.22497322280584617, 0.9742908482864432, -1.3133312441430391, -4.246374823474214, -1.3022355310762488, -2.0611218503886852, 4.989534319070861], [-0.43905472726366174, -0.6542589143328457, 3.4092453711697748, 0.8916491588996776, -4.165690534230542, -0.5816744561760896, 1.0174802561200895, -1.9265677206180074, 1.6205233392138276], [-2.4279045338427006, -0.6258999942712007, -5.820815286133158, -4.48125265515294, -2.777878658835633, -3.802596769125432, -2.77407899297464, -2.3246409823396745, 5.841381923470346]]","[0.26507833325808616, 0.19672304467926383, 0.7474230747405857, -0.5397854071944481, -0.3837761212254236, 0.10353937652140721, -0.7242443438749686, -0.5418663302979791, 0.39430865780764335]","[-0.7497778420693026, -0.048862991053558735, 0.39643527870882056, -0.6717159109404409, -0.7827603134730996, -0.4909381015245584, -0.8071672695458108, 0.8614465140809864, 0.206453718138778]"
"[[-1.0098584251845455, -1.3399766658558576, 1.782634605090409, -1.0458895642848378, -2.8894599047037732, -0.6263071653119678, 0.8461371764524144, -0.8110544743461762, -0.8414664877887239], [-7.1915181323545365, 0.8207235385512631, 6.110948407799101, 0.7204560204352198, -3.7888717673453605, -1.8555726496213472, 0.660959146951488, -4.852041188370669, 2.9640513293715802], [-6.434799246931294, -11.845101250019955, -1.0167473948584245, -1.407464127119508, -0.5227991537036569, 0.3560749065138562, 0.31092845596460583, -9.039663225022766, 6.579676703605405], [-0.7385008045871304, 1.0291458314920263, 1.1655741779056952, 5.96703655631619, 2.777833584621932, -0.6047007453299547, 0.769104770545458, -2.8869356950897527, 2.407690754363652], [4.739737936852294, -2.7584881005722237, 1.4308041882645433, 0.9717818598943676, -1.7451390320756113, -2.09017754767482, 2.3029541424915196, -2.3371878199510476, 0.41880507756580604], [1.0257462976643712, -2.908903888659666, -3.1915553216383503, -3.3047109903136533, -0.9952257757116322, -1.366785903478036, 4.28938456314943, -1.5738365272135129, 1.4170793877467545], [-2.5047439866645282, 0.1704992107141311, -0.17159972831912246, 1.1596576465881745, 2.2498966035099555, -0.9498731246756624, 2.756621926052437, -2.130672167038169, -1.4113765532132834], [4.2860198287060784, -0.594259298396272, 0.25540854824222126, -0.6845137795770708, 1.8605302709417626, -1.5948011562364368, 1.0792918328200862, 3.0911517962303785, -1.26515223996584], [-4.0536571669361905, -3.8328775843092915, 6.486082621666098, -0.7349918954792208, 4.481303966372652, 4.895334486863445, -6.608550722830108, -2.858323504070327, -2.5372688829062753]]","[[-9.064174017206453, -4.954224643958209, 2.699342480248189, 0.6376294666010194, -2.9156247099312376, -0.638346146755488, 1.0022796855260563, 1.4648792888989175, -3.716300819498839], [0.021807669387922113, -1.9240085639606366, 4.69162766266727, -7.265220783145041, 2.427657085303105, -2.8418539073131206, -6.262871504138936, 0.04522599331618284, -1.399867583946988], [-0.9805291611680346, -1.3245180463972752, 2.953655981469014, -1.3383030972096657, -2.542722845120429, 3.2627726035232265, 0.833667498664172, -1.4024988863087429, -5.345094340511702], [4.95249417029656, -5.872044004893227, 3.450092135673884, 2.753278148224796, -7.317912977392591, 0.3822186550595418, 3.673285257135884, 2.275043199963207, -2.3154615909815224], [-0.4205461350810191, -3.342794278025202, 0.07667361220196756, 0.9984857621711328, 4.722691475113363, 3.094655339137407, -3.1222255146501183, -1.5422378187741106, 4.165265151657129], [-5.442287215528152, -3.0428164759212586, -0.418402956208478, -4.514013478324036, -5.079584078829816, 2.7138254549085397, -1.816009668563392, -4.255303394335168, 0.8642180104897962], [0.2797753299641139, 1.7376623467246937, 0.22026231028554977, 2.0075258260904274, -1.3193480864097111, -4.532529822485535, -1.2974964518781043, -2.06041781697132, 3.715953253370917], [-0.45197900642404015, -0.6819107116799195, 3.405482223093328, 0.8916491588996776, -4.5360560794141875, -0.5816744561760896, 1.0174802561200895, -1.9277964774205907, 1.6263618941407862], [-2.4279045338427006, -0.7101910211990958, -5.820815286133158, -4.479032898996703, -2.779786486115429, -3.802596769125432, -2.776811872396607, -2.3260210628350393, 5.841381923470346]]","[-0.9873749329267127, 0.715687432233092, 0.904471010185478, 0.5087364592156185, 0.6700121677549518, 0.9635912027225886, 0.32006599932373536, -0.9438701026083813, -0.5959563758948492]","[0.021124606630564813, 0.5937553423596973, -0.29577062523630593, -0.5378383977402472, -0.5137492707635036, 0.7881110799394635, 0.7489602362443566, 0.008344663633481852, 0.973283411524621]"
"[[-0.4074305215595374, -1.351434107887505, 1.7865746581291166, -0.8000321529640082, -2.8894599047037732, -0.622540527485156, 0.8434793335687795, -1.6456552292504782, -0.8392074733709523], [-7.1915181323545365, 0.8207235385512631, 6.110948407799101, 0.7238517722111931, -3.786720566298336, -1.8547171838573562, 0.656983734023578, -5.655796367620651, 1.0400593428151266], [-6.4353747721445025, -7.190909102806151, -1.0177699311162738, -1.6720857952736146, -0.5227991537036569, 0.3544988873471482, 0.31092845596460583, -9.039663225022766, 6.581110428211935], [-0.7434889314420436, 1.0291458314920263, 1.1676938348029968, 5.96703655631619, 2.984854630610705, -0.16193268978574546, 1.052060904637652, -2.8869356950897527, 2.407690754363652], [4.743161929706151, -2.7615540409627566, 1.4209951838522474, 0.9717818598943676, -1.5909130116677228, -2.0896859460735344, 2.3013697998363063, -2.3371878199510476, 1.1693039152332725], [1.0257462976643712, -3.4239191857960916, -3.2054056982167802, -3.1741223260749543, -0.9972966808427043, -1.3661579538865782, 4.183004519688061, -1.5738365272135129, 1.4170793877467545], [-2.5017956737532585, 0.1704992107141311, -0.16966085296954092, 1.1596576465881745, 2.2476063786134226, -0.9529656234062093, 2.756621926052437, -2.130672167038169, -1.4113765532132834], [4.164435994257637, -0.5910764782018483, 0.2569617699561355, -0.6845137795770708, 1.8605302709417626, -1.5948011562364368, 1.0748570659331325, 3.0911517962303785, -1.2641155405847577], [-4.0536571669361905, -3.8231879709340126, 6.489184544477828, -0.7389284530449104, 4.480718535104482, 4.892052661611052, -6.603977515565379, -2.858323504070327, -2.814544194638872]]","[[-7.277570227629465, -4.517068151459075, 2.695250343347329, 0.6368349458951074, -2.9156247099312376, -0.6156086271217343, 0.9556712056380988, 1.629531423688842, -4.35418992563997], [0.0455749762687101, -1.9179885502850325, 4.69162766266727, -7.265220783145041, 2.653326222930478, -3.1902404519344607, -6.262871504138936, 0.033974087470804284, -1.400477183311095], [-0.9833198443123959, -1.3599620771037495, 2.9416728704460353, -1.3380046768911429, -1.236937372807083, 3.261328339678798, 0.9137621483104538, -1.404104308093413, -5.089706162980638], [5.497675213747841, -5.872044004893227, 3.448748114776818, 2.7612260724672795, -6.976559506749397, 0.8700654125723309, 3.603386423019059, 2.2762191518415333, -2.3154615909815224], [-0.41894757338037286, -2.454059327293805, 0.07667361220196756, 1.209593456147342, 4.722691475113363, 3.094655339137407, -3.1222255146501183, -1.6300047608359025, 4.165265151657129], [-5.439361245810027, -3.049113689652691, -0.41698109778410547, -4.507192375639807, -5.757730926288096, 2.7166907442981216, -1.816009668563392, -4.24797464793705, 0.8662185115375111], [0.26862275156823145, 1.7376623467246937, 0.22026231028554977, 2.013246019231999, -1.3193480864097111, -4.246374823474214, -0.7456109586231364, -2.0611218503886852, 4.991398353700466], [-0.45197900642404015, -0.6542589143328457, 3.405482223093328, 0.8924315647132892, -4.165690534230542, -0.5816744561760896, 1.0167402479700687, -1.9265677206180074, 1.6205233392138276], [-2.8036575226238334, -0.7098362523529436, -5.820815286133158, -4.477391534066355, -2.777878658835633, -3.8035945924754606, -2.788190695907042, -2.3260210628350393, 5.841381923470346]]","[-0.8244895002080548, 0.3270094483755661, 0.43715964121699447, 0.9655372880826232, 0.15181593720968212, 0.6787761209014207, -0.4298786468816753, 0.27456081462094195, 0.4921629982097686]","[-0.0076934821305874035, 0.03607621679653983, 0.7366266468803002, 0.1930542802336117, 0.027072507000522883, -0.9916866378706968, 0.30977808350563985, -0.5150852141611442, 0.5104774659200553]"
"[[-0.40742834519193777, -1.3500342805853507, 1.7865746581291166, -0.7962165916594276, -2.8894599047037732, -0.6263071653119678, 0.8461371764524144, -0.8110544743461762, -0.8422269462586444], [-7.2293319226437385, 1.0645117689778612, 6.545228485246973, 0.7224985384586462, -5.1429966610989934, -1.8555726496213472, 0.660959146951488, -5.655796367620651, 2.9614036707706157], [-6.436396263768035, -11.84811049537602, -1.0177699311162738, -1.405205203510098, -0.520690146163879, 0.3553624485999314, 0.31092845596460583, -9.039663225022766, 6.579676703605405], [-0.7434889314420436, 0.47082169269308627, 1.1655741779056952, 5.963669114746569, 2.984854630610705, -0.6047007453299547, 0.7737244031970355, -2.8869356950897527, 2.401979348166583], [4.739737936852294, -2.135008893830854, 1.4445896452485985, 0.9717818598943676, -1.5898449507555337, -2.0847512011045537, 2.3029541424915196, -2.3371878199510476, 0.43049816129504204], [0.8993543677088457, -3.4239191857960916, -3.1915553216383503, -3.3014775572499233, -1.12243981260529, -1.3587773284399194, 4.287345723973954, -1.5738365272135129, 2.854258358089339], [-2.053342675044088, -2.176182232994748, -0.16940123003256014, 1.1596576465881745, 2.2498966035099555, -1.5242853174636442, 2.758413044183494, -2.13104781127385, -1.4068336793916216], [4.164435994257637, -0.5919577286378201, 0.2569617699561355, -0.6790587876741709, 1.8605302709417626, -1.2539881398312185, 1.014420727024233, 3.1394417249362183, -1.26515223996584], [-4.0536571669361905, -3.830771454683865, 6.486082621666098, -0.7349918954792208, 4.480718535104482, 5.398421111962918, -6.603977515565379, -2.858323504070327, -2.538239249682535]]","[[-9.064174017206453, -4.520428593439352, 2.699342480248189, 0.6359382325771429, -2.9052162752793986, -0.6373756687483909, 1.0022796855260563, 1.630812187048427, -3.830609679304922], [0.0455749762687101, -1.9179885502850325, 4.69162766266727, -7.265220783145041, 2.653326222930478, -3.192591554105463, -6.25252327737636, 0.035927662431803314, -1.399867583946988], [-0.9833198443123959, -1.3599620771037495, 2.9416728704460353, -1.340186489470534, -2.0947584789530884, 3.502956394632758, 0.900524085181936, -1.404104308093413, -5.3434540055350075], [4.95249417029656, -6.1288392301537895, 3.45168262281645, 2.9393297220647487, -7.3232446346247615, 0.3822186550595418, 3.673285257135884, 2.277579404821455, -2.3157210684571923], [-0.41894757338037286, -2.454059327293805, 0.07667361220196756, 1.209593456147342, 4.722691475113363, 3.094655339137407, -3.1222255146501183, -1.5422378187741106, 4.165856554607788], [-5.446543790650359, -3.041545334437619, -0.41698109778410547, -6.161225648687041, -5.757730926288096, 2.7166907442981216, -2.0464922610416263, -4.251338428681788, 0.8689104519565889], [0.265712090589306, 1.7647025551083486, 0.22026231028554977, 2.0094691329612, -1.3168896408781676, -4.532529822485535, -0.7456109586231364, -2.058492702179896, 4.989534319070861], [-0.43905472726366174, -0.6542589143328457, 3.405814651114492, 0.8965270419155573, -4.159505250677843, -0.5816744561760896, 1.0174802561200895, -1.9277964774205907, 1.6263618941407862], [-2.8036575226238334, -0.7101910211990958, -5.817225873647941, -4.48125265515294, -2.779786486115429, -3.8559884433308174, -2.776811872396607, -2.3299806486593586, 5.841381923470346]]","[0.24163219522280066, -0.1836044933401908, 0.8116016471290093, 0.597857025327492, -0.8970142712465268, 0.5194542838313727, -0.37439109886047306, -0.6131579398178149, 0.3164845373435745]","[0.7383428029759209, -0.4476876319938454, 0.5043904974275655, -0.6829524508507143, -0.21348134381213058, 0.4302441858185062, 0.5235898206097387, -0.17109914040133645, -0.20803965857393347]"
